step,timestamp,train_loss,val_loss
0,2025-08-07 07:45:53,10.530050,10.527769
1,2025-08-07 07:46:01,10.479393,
2,2025-08-07 07:46:10,10.346660,
3,2025-08-07 07:46:18,10.244967,
4,2025-08-07 07:46:27,10.097265,
5,2025-08-07 07:46:36,9.969131,
6,2025-08-07 07:46:45,9.854523,
7,2025-08-07 07:46:53,9.841120,
8,2025-08-07 07:47:02,9.776891,
9,2025-08-07 07:47:10,9.537215,
10,2025-08-07 07:47:19,9.651601,
11,2025-08-07 07:47:28,9.595934,
12,2025-08-07 07:47:37,9.537994,
13,2025-08-07 07:47:45,9.481369,
14,2025-08-07 07:47:54,9.460375,
15,2025-08-07 07:48:03,9.467249,
16,2025-08-07 07:48:12,9.428810,
17,2025-08-07 07:48:20,9.410398,
18,2025-08-07 07:48:29,9.357759,
19,2025-08-07 07:48:38,9.285739,
20,2025-08-07 07:48:47,9.322104,
21,2025-08-07 07:48:55,9.335264,
22,2025-08-07 07:49:04,9.410442,
23,2025-08-07 07:49:13,9.373504,
24,2025-08-07 07:49:22,9.243206,
25,2025-08-07 07:49:30,9.235784,
26,2025-08-07 07:49:39,9.165708,
27,2025-08-07 07:49:48,8.931355,
28,2025-08-07 07:49:57,8.951900,
29,2025-08-07 07:50:05,9.157717,
30,2025-08-07 07:50:14,8.987658,
31,2025-08-07 07:50:23,8.952656,
32,2025-08-07 07:50:32,8.973944,
33,2025-08-07 07:50:40,8.863146,
34,2025-08-07 07:50:49,8.819677,
35,2025-08-07 07:50:58,8.851971,
36,2025-08-07 07:51:07,8.677262,
37,2025-08-07 07:51:15,8.652556,
38,2025-08-07 07:51:24,8.683275,
39,2025-08-07 07:51:33,8.610458,
40,2025-08-07 07:51:42,8.565948,
41,2025-08-07 07:51:50,8.540269,
42,2025-08-07 07:51:59,8.498888,
43,2025-08-07 07:52:08,8.445091,
44,2025-08-07 07:52:16,8.398139,
45,2025-08-07 07:52:25,8.400495,
46,2025-08-07 07:52:34,8.353350,
47,2025-08-07 07:52:43,8.338273,
48,2025-08-07 07:52:52,8.303648,
49,2025-08-07 07:53:00,8.269723,
50,2025-08-07 07:53:10,8.238257,8.445919
51,2025-08-07 07:53:19,8.210339,
52,2025-08-07 07:53:28,8.183060,
53,2025-08-07 07:53:36,8.132664,
54,2025-08-07 07:53:45,8.100086,
55,2025-08-07 07:53:54,8.070074,
56,2025-08-07 07:54:03,8.018504,
57,2025-08-07 07:54:11,8.000406,
58,2025-08-07 07:54:20,7.981994,
59,2025-08-07 07:54:29,7.956549,
60,2025-08-07 07:54:38,7.921257,
61,2025-08-07 07:54:46,7.874567,
62,2025-08-07 07:54:55,7.847750,
63,2025-08-07 07:55:04,7.829150,
64,2025-08-07 07:55:13,7.817775,
65,2025-08-07 07:55:22,7.815396,
66,2025-08-07 07:55:30,7.787404,
67,2025-08-07 07:55:39,7.731638,
68,2025-08-07 07:55:48,7.699400,
69,2025-08-07 07:55:56,7.636709,
70,2025-08-07 07:56:05,7.599471,
71,2025-08-07 07:56:14,7.571209,
72,2025-08-07 07:56:23,7.550221,
73,2025-08-07 07:56:31,7.505412,
74,2025-08-07 07:56:40,7.502714,
75,2025-08-07 07:56:49,7.473626,
76,2025-08-07 07:56:58,7.503260,
77,2025-08-07 07:57:06,7.467083,
78,2025-08-07 07:57:15,7.437004,
79,2025-08-07 07:57:24,7.422008,
80,2025-08-07 07:57:32,7.397915,
81,2025-08-07 07:57:41,7.370473,
82,2025-08-07 07:57:50,7.404480,
83,2025-08-07 07:57:59,7.364046,
84,2025-08-07 07:58:07,7.324763,
85,2025-08-07 07:58:16,7.378284,
86,2025-08-07 07:58:25,7.456164,
87,2025-08-07 07:58:34,7.406027,
88,2025-08-07 07:58:42,7.411352,
89,2025-08-07 07:58:51,7.415185,
90,2025-08-07 07:59:00,7.409236,
91,2025-08-07 07:59:09,7.479453,
92,2025-08-07 07:59:17,7.440234,
93,2025-08-07 07:59:26,7.448265,
94,2025-08-07 07:59:35,7.396365,
95,2025-08-07 07:59:44,7.461131,
96,2025-08-07 07:59:52,7.478325,
97,2025-08-07 08:00:01,7.375967,
98,2025-08-07 08:00:10,7.339753,
99,2025-08-07 08:00:18,7.184859,
100,2025-08-07 08:00:28,7.099089,7.286803
101,2025-08-07 08:00:37,7.001555,
102,2025-08-07 08:00:46,7.289809,
103,2025-08-07 08:00:54,7.342080,
104,2025-08-07 08:01:03,7.296389,
105,2025-08-07 08:01:12,7.283250,
106,2025-08-07 08:01:21,7.324510,
107,2025-08-07 08:01:29,7.306228,
108,2025-08-07 08:01:38,7.180589,
109,2025-08-07 08:01:47,7.087475,
110,2025-08-07 08:01:56,7.252410,
111,2025-08-07 08:02:04,7.209343,
112,2025-08-07 08:02:13,7.203461,
113,2025-08-07 08:02:22,7.145011,
114,2025-08-07 08:02:30,7.262526,
115,2025-08-07 08:02:39,7.222626,
116,2025-08-07 08:02:48,7.194887,
117,2025-08-07 08:02:57,7.171636,
118,2025-08-07 08:03:05,7.090048,
119,2025-08-07 08:03:14,6.957386,
120,2025-08-07 08:03:23,6.958624,
121,2025-08-07 08:03:32,6.946308,
122,2025-08-07 08:03:40,6.923545,
123,2025-08-07 08:03:49,7.071695,
124,2025-08-07 08:03:58,7.036804,
125,2025-08-07 08:04:07,7.004871,
126,2025-08-07 08:04:16,6.907510,
127,2025-08-07 08:04:24,6.737962,
128,2025-08-07 08:04:33,6.864783,
129,2025-08-07 08:04:42,6.922613,
130,2025-08-07 08:04:50,6.947377,
131,2025-08-07 08:04:59,6.908751,
132,2025-08-07 08:05:08,6.945314,
133,2025-08-07 08:05:17,6.906120,
134,2025-08-07 08:05:25,7.022901,
135,2025-08-07 08:05:34,6.988941,
136,2025-08-07 08:05:43,7.046363,
137,2025-08-07 08:05:52,7.046438,
138,2025-08-07 08:06:00,7.167440,
139,2025-08-07 08:06:09,7.354190,
140,2025-08-07 08:06:18,7.072193,
141,2025-08-07 08:06:27,7.042705,
142,2025-08-07 08:06:35,7.043397,
143,2025-08-07 08:06:44,7.001869,
144,2025-08-07 08:06:53,7.263085,
145,2025-08-07 08:07:02,7.633764,
146,2025-08-07 08:07:10,7.347315,
147,2025-08-07 08:07:19,7.367698,
148,2025-08-07 08:07:28,7.341609,
149,2025-08-07 08:07:36,7.236190,
150,2025-08-07 08:07:46,7.221601,6.956398
151,2025-08-07 08:07:55,7.132898,
152,2025-08-07 08:08:04,7.124549,
153,2025-08-07 08:08:13,7.064328,
154,2025-08-07 08:08:21,7.526578,
155,2025-08-07 08:08:30,7.497992,
156,2025-08-07 08:08:39,7.430608,
157,2025-08-07 08:08:47,7.571155,
158,2025-08-07 08:08:56,7.501787,
159,2025-08-07 08:09:05,7.129614,
160,2025-08-07 08:09:14,7.010592,
161,2025-08-07 08:09:23,6.952634,
162,2025-08-07 08:09:31,6.958972,
163,2025-08-07 08:09:40,6.912266,
164,2025-08-07 08:09:49,6.892779,
165,2025-08-07 08:09:57,6.868058,
166,2025-08-07 08:10:06,6.965434,
167,2025-08-07 08:10:15,7.080317,
168,2025-08-07 08:10:23,7.022254,
169,2025-08-07 08:10:32,7.017369,
170,2025-08-07 08:10:41,6.956358,
171,2025-08-07 08:10:50,6.945775,
172,2025-08-07 08:10:58,6.921303,
173,2025-08-07 08:11:07,6.915845,
174,2025-08-07 08:11:16,6.875516,
175,2025-08-07 08:11:25,6.871031,
176,2025-08-07 08:11:33,6.861413,
177,2025-08-07 08:11:42,6.825132,
178,2025-08-07 08:11:51,6.800976,
179,2025-08-07 08:11:59,6.768382,
180,2025-08-07 08:12:09,6.733195,
181,2025-08-07 08:12:17,6.726062,
182,2025-08-07 08:12:26,6.725900,
183,2025-08-07 08:12:35,6.739521,
184,2025-08-07 08:12:43,6.726624,
185,2025-08-07 08:12:52,6.745818,
186,2025-08-07 08:13:01,6.765864,
187,2025-08-07 08:13:10,6.680772,
188,2025-08-07 08:13:18,6.659854,
189,2025-08-07 08:13:27,6.635219,
190,2025-08-07 08:13:36,6.601231,
191,2025-08-07 08:13:45,6.639314,
192,2025-08-07 08:13:53,6.648836,
193,2025-08-07 08:14:02,6.597304,
194,2025-08-07 08:14:11,6.594748,
195,2025-08-07 08:14:20,6.567643,
196,2025-08-07 08:14:28,6.512490,
197,2025-08-07 08:14:37,6.511105,
198,2025-08-07 08:14:46,6.437148,
199,2025-08-07 08:14:54,6.414676,
200,2025-08-07 08:15:04,6.366160,6.560021
201,2025-08-07 08:15:13,6.332209,
202,2025-08-07 08:15:22,6.606439,
203,2025-08-07 08:15:30,6.936784,
204,2025-08-07 08:15:39,6.951509,
205,2025-08-07 08:15:48,6.902787,
206,2025-08-07 08:15:57,6.852888,
207,2025-08-07 08:16:05,6.808789,
208,2025-08-07 08:16:14,6.793369,
209,2025-08-07 08:16:23,6.766910,
210,2025-08-07 08:16:32,6.739992,
211,2025-08-07 08:16:40,6.690025,
212,2025-08-07 08:16:49,6.686123,
213,2025-08-07 08:16:58,6.643299,
214,2025-08-07 08:17:06,7.055640,
215,2025-08-07 08:17:15,7.207645,
216,2025-08-07 08:17:24,7.050799,
217,2025-08-07 08:17:33,6.980742,
218,2025-08-07 08:17:41,6.842113,
219,2025-08-07 08:17:50,6.778954,
220,2025-08-07 08:17:59,6.670255,
221,2025-08-07 08:18:08,6.658794,
222,2025-08-07 08:18:16,6.559013,
223,2025-08-07 08:18:25,6.577964,
224,2025-08-07 08:18:34,6.650889,
225,2025-08-07 08:18:43,6.687284,
226,2025-08-07 08:18:51,6.666638,
227,2025-08-07 08:19:00,6.587868,
228,2025-08-07 08:19:09,6.562273,
229,2025-08-07 08:19:17,6.521182,
230,2025-08-07 08:19:26,6.643456,
231,2025-08-07 08:19:35,6.572877,
232,2025-08-07 08:19:44,6.394463,
233,2025-08-07 08:19:53,6.652464,
234,2025-08-07 08:20:01,6.690462,
235,2025-08-07 08:20:10,6.706511,
236,2025-08-07 08:20:19,6.628784,
237,2025-08-07 08:20:28,6.570626,
238,2025-08-07 08:20:36,6.485591,
239,2025-08-07 08:20:45,6.416532,
240,2025-08-07 08:20:54,6.384925,
241,2025-08-07 08:21:03,6.389724,
242,2025-08-07 08:21:12,6.483041,
243,2025-08-07 08:21:20,6.453192,
244,2025-08-07 08:21:29,6.363730,
245,2025-08-07 08:21:38,6.347146,
246,2025-08-07 08:21:47,6.267825,
247,2025-08-07 08:21:55,6.259169,
248,2025-08-07 08:22:04,6.255915,
249,2025-08-07 08:22:13,6.222986,
250,2025-08-07 08:22:23,6.180558,6.449126
251,2025-08-07 08:22:31,6.179757,
252,2025-08-07 08:22:40,6.100938,
253,2025-08-07 08:22:49,6.060165,
254,2025-08-07 08:22:58,6.091942,
255,2025-08-07 08:23:06,6.033349,
256,2025-08-07 08:23:15,5.946466,
257,2025-08-07 08:23:24,6.088300,
258,2025-08-07 08:23:33,6.128060,
259,2025-08-07 08:23:41,6.182921,
260,2025-08-07 08:23:50,6.611245,
261,2025-08-07 08:23:59,6.667952,
262,2025-08-07 08:24:08,6.535504,
263,2025-08-07 08:24:16,6.621603,
264,2025-08-07 08:24:25,6.639709,
265,2025-08-07 08:24:34,6.621236,
266,2025-08-07 08:24:43,6.579725,
267,2025-08-07 08:24:51,6.577697,
268,2025-08-07 08:25:00,6.567729,
269,2025-08-07 08:25:09,6.558280,
270,2025-08-07 08:25:18,6.537875,
271,2025-08-07 08:25:27,6.509714,
272,2025-08-07 08:25:35,6.492562,
273,2025-08-07 08:25:44,6.471264,
274,2025-08-07 08:25:53,6.460603,
275,2025-08-07 08:26:02,6.426156,
276,2025-08-07 08:26:10,6.421560,
277,2025-08-07 08:26:19,6.424355,
278,2025-08-07 08:26:28,6.403611,
279,2025-08-07 08:26:36,6.411089,
280,2025-08-07 08:26:45,6.375388,
281,2025-08-07 08:26:54,6.384571,
282,2025-08-07 08:27:03,6.354497,
283,2025-08-07 08:27:11,6.343396,
284,2025-08-07 08:27:20,6.344272,
285,2025-08-07 08:27:29,6.324851,
286,2025-08-07 08:27:38,6.110300,
287,2025-08-07 08:27:46,6.294439,
288,2025-08-07 08:27:55,6.263596,
289,2025-08-07 08:28:04,6.365661,
290,2025-08-07 08:28:13,6.206799,
291,2025-08-07 08:28:21,6.372771,
292,2025-08-07 08:28:30,6.295265,
293,2025-08-07 08:28:39,6.248514,
294,2025-08-07 08:28:48,6.315413,
295,2025-08-07 08:28:57,6.454438,
296,2025-08-07 08:29:05,6.365042,
297,2025-08-07 08:29:14,6.409444,
298,2025-08-07 08:29:23,6.297888,
299,2025-08-07 08:29:31,6.265086,
300,2025-08-07 08:29:41,6.354752,5.971989
301,2025-08-07 08:29:50,6.356139,
302,2025-08-07 08:29:59,6.269946,
303,2025-08-07 08:30:08,6.098818,
304,2025-08-07 08:30:16,6.265070,
305,2025-08-07 08:30:25,5.893222,
306,2025-08-07 08:30:34,5.969102,
307,2025-08-07 08:30:43,5.786786,
308,2025-08-07 08:30:51,5.791942,
309,2025-08-07 08:31:00,6.042895,
310,2025-08-07 08:31:09,6.049349,
311,2025-08-07 08:31:18,6.132678,
312,2025-08-07 08:31:26,6.076729,
313,2025-08-07 08:31:35,6.033315,
314,2025-08-07 08:31:44,6.052938,
315,2025-08-07 08:31:53,6.051620,
316,2025-08-07 08:32:02,5.998146,
317,2025-08-07 08:32:10,6.054823,
318,2025-08-07 08:32:19,6.006922,
319,2025-08-07 08:32:28,5.968888,
320,2025-08-07 08:32:37,5.923119,
321,2025-08-07 08:32:45,5.917592,
322,2025-08-07 08:32:54,5.860916,
323,2025-08-07 08:33:03,5.936450,
324,2025-08-07 08:33:12,5.965075,
325,2025-08-07 08:33:20,6.215375,
326,2025-08-07 08:33:29,6.225363,
327,2025-08-07 08:33:38,6.274519,
328,2025-08-07 08:33:47,6.293911,
329,2025-08-07 08:33:55,6.471398,
330,2025-08-07 08:34:04,6.259966,
331,2025-08-07 08:34:13,6.281189,
332,2025-08-07 08:34:22,6.335070,
333,2025-08-07 08:34:31,6.221561,
334,2025-08-07 08:34:39,6.086985,
335,2025-08-07 08:34:48,6.323695,
336,2025-08-07 08:34:57,6.122974,
337,2025-08-07 08:35:06,6.253053,
338,2025-08-07 08:35:14,6.211170,
339,2025-08-07 08:35:23,6.116659,
340,2025-08-07 08:35:32,5.963656,
341,2025-08-07 08:35:41,5.979272,
342,2025-08-07 08:35:50,5.987095,
343,2025-08-07 08:35:58,6.246232,
344,2025-08-07 08:36:07,6.233332,
345,2025-08-07 08:36:16,6.218955,
346,2025-08-07 08:36:25,6.222157,
347,2025-08-07 08:36:34,6.152398,
348,2025-08-07 08:36:43,6.227324,
349,2025-08-07 08:36:51,6.212647,
350,2025-08-07 08:37:01,6.517649,5.836774
351,2025-08-07 08:37:10,6.552503,
352,2025-08-07 08:37:19,6.259004,
353,2025-08-07 08:37:28,6.188740,
354,2025-08-07 08:37:36,6.102405,
355,2025-08-07 08:37:45,6.111104,
356,2025-08-07 08:37:54,5.959800,
357,2025-08-07 08:38:03,6.041005,
358,2025-08-07 08:38:11,6.054470,
359,2025-08-07 08:38:20,6.001569,
360,2025-08-07 08:38:29,6.061676,
361,2025-08-07 08:38:38,6.004882,
362,2025-08-07 08:38:47,5.890368,
363,2025-08-07 08:38:55,5.878212,
364,2025-08-07 08:39:04,5.825445,
365,2025-08-07 08:39:13,5.917512,
366,2025-08-07 08:39:22,5.961544,
367,2025-08-07 08:39:30,6.306517,
368,2025-08-07 08:39:39,6.528593,
369,2025-08-07 08:39:48,6.501817,
370,2025-08-07 08:39:57,6.206054,
371,2025-08-07 08:40:05,6.280334,
372,2025-08-07 08:40:14,6.271817,
373,2025-08-07 08:40:23,6.306947,
374,2025-08-07 08:40:31,6.219923,
375,2025-08-07 08:40:40,6.122360,
376,2025-08-07 08:40:49,6.055687,
377,2025-08-07 08:40:58,5.979685,
378,2025-08-07 08:41:07,5.942771,
379,2025-08-07 08:41:15,6.035215,
380,2025-08-07 08:41:24,6.013134,
381,2025-08-07 08:41:33,6.034956,
382,2025-08-07 08:41:42,6.037737,
383,2025-08-07 08:41:50,6.555044,
384,2025-08-07 08:41:59,6.441591,
385,2025-08-07 08:42:08,6.339191,
386,2025-08-07 08:42:17,6.265040,
387,2025-08-07 08:42:25,6.061140,
388,2025-08-07 08:42:34,6.162676,
389,2025-08-07 08:42:43,6.313118,
390,2025-08-07 08:42:52,6.232990,
391,2025-08-07 08:43:00,6.288223,
392,2025-08-07 08:43:09,6.590425,
393,2025-08-07 08:43:18,6.656112,
394,2025-08-07 08:43:26,6.576372,
395,2025-08-07 08:43:35,6.381308,
396,2025-08-07 08:43:44,6.254333,
397,2025-08-07 08:43:53,6.265294,
398,2025-08-07 08:44:01,6.248688,
399,2025-08-07 08:44:10,6.349964,
400,2025-08-07 08:44:20,6.417954,5.996841
401,2025-08-07 08:44:29,6.426591,
402,2025-08-07 08:44:38,6.686222,
403,2025-08-07 08:44:46,6.533769,
404,2025-08-07 08:44:55,6.492788,
405,2025-08-07 08:45:04,6.537724,
406,2025-08-07 08:45:13,6.507590,
407,2025-08-07 08:45:21,6.501315,
408,2025-08-07 08:45:30,6.432546,
409,2025-08-07 08:45:39,6.297737,
410,2025-08-07 08:45:48,6.279088,
411,2025-08-07 08:45:57,6.135511,
412,2025-08-07 08:46:05,6.298120,
413,2025-08-07 08:46:14,6.331624,
414,2025-08-07 08:46:23,6.331236,
415,2025-08-07 08:46:32,6.383232,
416,2025-08-07 08:46:40,6.090444,
417,2025-08-07 08:46:49,6.102701,
418,2025-08-07 08:46:58,6.142246,
419,2025-08-07 08:47:06,6.191971,
420,2025-08-07 08:47:15,6.246438,
421,2025-08-07 08:47:24,6.345725,
422,2025-08-07 08:47:33,6.084326,
423,2025-08-07 08:47:42,6.214657,
424,2025-08-07 08:47:50,6.053737,
425,2025-08-07 08:47:59,6.269713,
426,2025-08-07 08:48:08,6.285707,
427,2025-08-07 08:48:17,6.158804,
428,2025-08-07 08:48:26,6.157378,
429,2025-08-07 08:48:34,6.068082,
430,2025-08-07 08:48:43,5.985671,
431,2025-08-07 08:48:52,6.054350,
432,2025-08-07 08:49:01,6.081983,
433,2025-08-07 08:49:09,6.071648,
434,2025-08-07 08:49:18,6.210415,
435,2025-08-07 08:49:27,6.376081,
436,2025-08-07 08:49:36,6.239320,
437,2025-08-07 08:49:44,6.198416,
438,2025-08-07 08:49:53,6.099509,
439,2025-08-07 08:50:02,6.108064,
440,2025-08-07 08:50:11,6.041477,
441,2025-08-07 08:50:19,6.009562,
442,2025-08-07 08:50:28,5.855400,
443,2025-08-07 08:50:37,5.833023,
444,2025-08-07 08:50:46,5.779378,
445,2025-08-07 08:50:55,5.762447,
446,2025-08-07 08:51:03,5.810008,
447,2025-08-07 08:51:12,5.771800,
448,2025-08-07 08:51:21,5.768376,
449,2025-08-07 08:51:29,5.753719,
450,2025-08-07 08:51:39,5.750209,5.564275
451,2025-08-07 08:51:48,5.724775,
452,2025-08-07 08:51:57,5.728217,
453,2025-08-07 08:52:06,5.759960,
454,2025-08-07 08:52:14,5.714118,
455,2025-08-07 08:52:23,5.728689,
456,2025-08-07 08:52:32,5.687525,
457,2025-08-07 08:52:41,5.622736,
458,2025-08-07 08:52:49,5.609828,
459,2025-08-07 08:52:58,5.692729,
460,2025-08-07 08:53:07,5.817866,
461,2025-08-07 08:53:16,5.820077,
462,2025-08-07 08:53:24,5.789560,
463,2025-08-07 08:53:33,5.760528,
464,2025-08-07 08:53:42,5.770308,
465,2025-08-07 08:53:51,5.720907,
466,2025-08-07 08:54:00,5.728722,
467,2025-08-07 08:54:08,5.702938,
468,2025-08-07 08:54:17,5.704395,
469,2025-08-07 08:54:26,5.708686,
470,2025-08-07 08:54:35,5.707653,
471,2025-08-07 08:54:43,5.720128,
472,2025-08-07 08:54:52,5.673722,
473,2025-08-07 08:55:01,5.682189,
474,2025-08-07 08:55:09,5.700115,
475,2025-08-07 08:55:18,5.703286,
476,2025-08-07 08:55:27,5.680311,
477,2025-08-07 08:55:36,5.658971,
478,2025-08-07 08:55:45,5.668463,
479,2025-08-07 08:55:53,5.676097,
480,2025-08-07 08:56:02,5.676173,
481,2025-08-07 08:56:11,5.608328,
482,2025-08-07 08:56:20,5.621144,
483,2025-08-07 08:56:28,5.614938,
484,2025-08-07 08:56:37,5.618585,
485,2025-08-07 08:56:46,5.589098,
486,2025-08-07 08:56:55,5.577562,
487,2025-08-07 08:57:03,5.592782,
488,2025-08-07 08:57:12,5.558649,
489,2025-08-07 08:57:21,5.580472,
490,2025-08-07 08:57:30,5.555904,
491,2025-08-07 08:57:39,5.582709,
492,2025-08-07 08:57:47,5.565519,
493,2025-08-07 08:57:56,5.521239,
494,2025-08-07 08:58:05,5.577785,
495,2025-08-07 08:58:14,5.529985,
496,2025-08-07 08:58:22,5.514987,
497,2025-08-07 08:58:31,5.512139,
498,2025-08-07 08:58:40,5.519389,
499,2025-08-07 08:58:49,5.515860,
500,2025-08-07 08:59:04,5.476587,5.250762
501,2025-08-07 08:59:13,5.490893,
502,2025-08-07 08:59:22,5.485146,
503,2025-08-07 08:59:30,5.524433,
504,2025-08-07 08:59:39,5.508445,
505,2025-08-07 08:59:48,5.480186,
506,2025-08-07 08:59:57,5.454161,
507,2025-08-07 09:00:06,5.475513,
508,2025-08-07 09:00:14,5.435426,
509,2025-08-07 09:00:23,5.481886,
510,2025-08-07 09:00:32,5.496341,
511,2025-08-07 09:00:41,5.518381,
512,2025-08-07 09:00:49,5.460566,
513,2025-08-07 09:00:58,5.482598,
514,2025-08-07 09:01:07,5.463435,
515,2025-08-07 09:01:16,5.490492,
516,2025-08-07 09:01:25,5.465297,
517,2025-08-07 09:01:33,5.414447,
518,2025-08-07 09:01:42,5.487743,
519,2025-08-07 09:01:51,5.469064,
520,2025-08-07 09:02:00,5.438121,
521,2025-08-07 09:02:08,5.417955,
522,2025-08-07 09:02:17,5.523213,
523,2025-08-07 09:02:26,5.605197,
524,2025-08-07 09:02:35,5.591871,
525,2025-08-07 09:02:43,5.551069,
526,2025-08-07 09:02:52,5.514908,
527,2025-08-07 09:03:01,5.461042,
528,2025-08-07 09:03:10,5.400333,
529,2025-08-07 09:03:18,5.402212,
530,2025-08-07 09:03:27,5.378407,
531,2025-08-07 09:03:36,5.377056,
532,2025-08-07 09:03:45,5.353398,
533,2025-08-07 09:03:54,5.360089,
534,2025-08-07 09:04:02,5.365087,
535,2025-08-07 09:04:11,5.382957,
536,2025-08-07 09:04:20,5.374197,
537,2025-08-07 09:04:29,5.407156,
538,2025-08-07 09:04:37,5.390659,
539,2025-08-07 09:04:46,5.382403,
540,2025-08-07 09:04:55,5.385686,
541,2025-08-07 09:05:04,5.343993,
542,2025-08-07 09:05:13,5.317650,
543,2025-08-07 09:05:21,5.338602,
544,2025-08-07 09:05:30,5.365994,
545,2025-08-07 09:05:39,5.307648,
546,2025-08-07 09:05:48,5.293515,
547,2025-08-07 09:05:56,5.317332,
548,2025-08-07 09:06:05,5.299370,
549,2025-08-07 09:06:14,5.309633,
550,2025-08-07 09:06:24,5.261450,5.155954
551,2025-08-07 09:06:33,5.260959,
552,2025-08-07 09:06:41,5.264356,
553,2025-08-07 09:06:50,5.333869,
554,2025-08-07 09:06:59,5.341957,
555,2025-08-07 09:07:08,5.330848,
556,2025-08-07 09:07:16,5.304899,
557,2025-08-07 09:07:25,5.278933,
558,2025-08-07 09:07:34,5.233190,
559,2025-08-07 09:07:43,5.143750,
560,2025-08-07 09:07:52,5.218683,
561,2025-08-07 09:08:00,5.242474,
562,2025-08-07 09:08:09,5.199574,
563,2025-08-07 09:08:18,5.128808,
564,2025-08-07 09:08:26,5.157993,
565,2025-08-07 09:08:35,5.177979,
566,2025-08-07 09:08:44,5.173118,
567,2025-08-07 09:08:53,5.217306,
568,2025-08-07 09:09:01,5.210760,
569,2025-08-07 09:09:10,5.197740,
570,2025-08-07 09:09:19,5.216197,
571,2025-08-07 09:09:28,5.188938,
572,2025-08-07 09:09:37,5.239735,
573,2025-08-07 09:09:45,5.211760,
574,2025-08-07 09:09:54,5.222573,
575,2025-08-07 09:10:03,5.211963,
576,2025-08-07 09:10:12,5.146611,
577,2025-08-07 09:10:20,5.185260,
578,2025-08-07 09:10:29,5.186768,
579,2025-08-07 09:10:38,5.177787,
580,2025-08-07 09:10:47,5.212289,
581,2025-08-07 09:10:55,5.179115,
582,2025-08-07 09:11:04,5.289218,
583,2025-08-07 09:11:13,5.251586,
584,2025-08-07 09:11:21,5.217164,
585,2025-08-07 09:11:30,5.223309,
586,2025-08-07 09:11:39,5.161581,
587,2025-08-07 09:11:48,5.144258,
588,2025-08-07 09:11:56,5.749851,
589,2025-08-07 09:12:05,6.117094,
590,2025-08-07 09:12:14,5.865870,
591,2025-08-07 09:12:23,5.535295,
592,2025-08-07 09:12:32,5.320723,
593,2025-08-07 09:12:40,5.393360,
594,2025-08-07 09:12:49,5.335874,
595,2025-08-07 09:12:58,5.255320,
596,2025-08-07 09:13:07,5.314269,
597,2025-08-07 09:13:15,5.357282,
598,2025-08-07 09:13:24,5.238020,
599,2025-08-07 09:13:33,5.584630,
600,2025-08-07 09:13:43,5.813382,5.470895
601,2025-08-07 09:13:51,5.546844,
602,2025-08-07 09:14:00,5.610266,
603,2025-08-07 09:14:09,5.868585,
604,2025-08-07 09:14:18,5.603454,
605,2025-08-07 09:14:26,5.503864,
606,2025-08-07 09:14:35,5.925007,
607,2025-08-07 09:14:44,5.694883,
608,2025-08-07 09:14:53,5.640572,
609,2025-08-07 09:15:01,5.643845,
610,2025-08-07 09:15:10,5.499227,
611,2025-08-07 09:15:19,5.518714,
612,2025-08-07 09:15:28,5.537710,
613,2025-08-07 09:15:37,5.546789,
614,2025-08-07 09:15:45,5.549115,
615,2025-08-07 09:15:54,5.494914,
616,2025-08-07 09:16:03,5.595307,
617,2025-08-07 09:16:12,5.496587,
618,2025-08-07 09:16:20,5.533029,
619,2025-08-07 09:16:29,5.471901,
620,2025-08-07 09:16:38,6.062815,
621,2025-08-07 09:16:47,6.212471,
622,2025-08-07 09:16:55,6.065586,
623,2025-08-07 09:17:04,6.034535,
624,2025-08-07 09:17:13,5.921336,
625,2025-08-07 09:17:22,5.752136,
626,2025-08-07 09:17:31,5.712124,
627,2025-08-07 09:17:39,5.570800,
628,2025-08-07 09:17:48,5.542711,
629,2025-08-07 09:17:57,5.642672,
630,2025-08-07 09:18:06,5.608819,
631,2025-08-07 09:18:14,5.554328,
632,2025-08-07 09:18:23,5.508284,
633,2025-08-07 09:18:32,5.490746,
634,2025-08-07 09:18:41,5.466466,
635,2025-08-07 09:18:49,5.431485,
636,2025-08-07 09:18:58,5.377241,
637,2025-08-07 09:19:07,5.298546,
638,2025-08-07 09:19:16,5.566600,
639,2025-08-07 09:19:24,5.320826,
640,2025-08-07 09:19:33,5.344908,
641,2025-08-07 09:19:42,5.438919,
642,2025-08-07 09:19:51,5.405694,
643,2025-08-07 09:19:59,4.750279,
644,2025-08-07 09:20:08,4.813974,
645,2025-08-07 09:20:17,5.415076,
646,2025-08-07 09:20:26,5.712606,
647,2025-08-07 09:20:34,5.201379,
648,2025-08-07 09:20:43,4.933898,
649,2025-08-07 09:20:52,4.650073,
650,2025-08-07 09:21:02,4.754470,5.280561
651,2025-08-07 09:21:10,4.675448,
652,2025-08-07 09:21:19,4.752932,
653,2025-08-07 09:21:28,4.865756,
654,2025-08-07 09:21:37,5.046825,
655,2025-08-07 09:21:46,5.286697,
656,2025-08-07 09:21:54,5.181753,
657,2025-08-07 09:22:03,5.169333,
658,2025-08-07 09:22:12,5.114023,
659,2025-08-07 09:22:21,5.090341,
660,2025-08-07 09:22:30,5.103944,
661,2025-08-07 09:22:38,5.122781,
662,2025-08-07 09:22:47,5.083138,
663,2025-08-07 09:22:56,5.084353,
664,2025-08-07 09:23:04,5.066671,
665,2025-08-07 09:23:13,5.024900,
666,2025-08-07 09:23:22,5.011399,
667,2025-08-07 09:23:31,4.961118,
668,2025-08-07 09:23:40,5.015487,
669,2025-08-07 09:23:48,5.019132,
670,2025-08-07 09:23:57,5.053175,
671,2025-08-07 09:24:06,4.972219,
672,2025-08-07 09:24:15,4.898160,
673,2025-08-07 09:24:23,4.950937,
674,2025-08-07 09:24:32,5.171494,
675,2025-08-07 09:24:41,4.979283,
676,2025-08-07 09:24:50,5.185949,
677,2025-08-07 09:24:58,5.146519,
678,2025-08-07 09:25:07,5.023691,
679,2025-08-07 09:25:16,5.113894,
680,2025-08-07 09:25:25,5.314695,
681,2025-08-07 09:25:33,5.161707,
682,2025-08-07 09:25:42,5.062841,
683,2025-08-07 09:25:51,4.943452,
684,2025-08-07 09:26:00,4.943517,
685,2025-08-07 09:26:09,5.024874,
686,2025-08-07 09:26:17,5.791809,
687,2025-08-07 09:26:26,5.322196,
688,2025-08-07 09:26:35,5.123197,
689,2025-08-07 09:26:43,5.446687,
690,2025-08-07 09:26:52,5.277000,
691,2025-08-07 09:27:01,5.597430,
692,2025-08-07 09:27:10,5.278898,
693,2025-08-07 09:27:19,5.457658,
694,2025-08-07 09:27:27,5.532777,
695,2025-08-07 09:27:36,5.405248,
696,2025-08-07 09:27:45,5.340026,
697,2025-08-07 09:27:54,5.235487,
698,2025-08-07 09:28:02,5.979070,
699,2025-08-07 09:28:11,5.533983,
700,2025-08-07 09:28:21,5.295577,5.094801
701,2025-08-07 09:28:30,5.266960,
702,2025-08-07 09:28:38,5.254956,
703,2025-08-07 09:28:47,6.050608,
704,2025-08-07 09:28:56,5.380364,
705,2025-08-07 09:29:05,5.238402,
706,2025-08-07 09:29:14,5.304044,
707,2025-08-07 09:29:22,5.271828,
708,2025-08-07 09:29:31,5.325732,
709,2025-08-07 09:29:40,5.291190,
710,2025-08-07 09:29:48,5.144886,
711,2025-08-07 09:29:57,5.227982,
712,2025-08-07 09:30:06,5.177486,
713,2025-08-07 09:30:15,5.166150,
714,2025-08-07 09:30:23,5.134055,
715,2025-08-07 09:30:32,5.223690,
716,2025-08-07 09:30:41,5.005322,
717,2025-08-07 09:30:50,5.011686,
718,2025-08-07 09:30:58,4.943019,
719,2025-08-07 09:31:07,4.879026,
720,2025-08-07 09:31:16,5.001268,
721,2025-08-07 09:31:25,5.348752,
722,2025-08-07 09:31:33,5.396193,
723,2025-08-07 09:31:42,5.136886,
724,2025-08-07 09:31:51,4.979060,
725,2025-08-07 09:32:00,5.078331,
726,2025-08-07 09:32:08,5.024769,
727,2025-08-07 09:32:17,5.202106,
728,2025-08-07 09:32:26,5.067575,
729,2025-08-07 09:32:35,5.009028,
730,2025-08-07 09:32:43,4.958644,
731,2025-08-07 09:32:52,4.982249,
732,2025-08-07 09:33:01,4.988039,
733,2025-08-07 09:33:10,4.847859,
734,2025-08-07 09:33:18,4.869422,
735,2025-08-07 09:33:27,5.032430,
736,2025-08-07 09:33:36,5.068273,
737,2025-08-07 09:33:45,4.922536,
738,2025-08-07 09:33:53,4.510791,
739,2025-08-07 09:34:02,4.535169,
740,2025-08-07 09:34:11,4.815658,
741,2025-08-07 09:34:20,4.922433,
742,2025-08-07 09:34:28,5.092495,
743,2025-08-07 09:34:37,5.119832,
744,2025-08-07 09:34:46,5.044382,
745,2025-08-07 09:34:55,5.089511,
746,2025-08-07 09:35:03,4.906910,
747,2025-08-07 09:35:12,4.930850,
748,2025-08-07 09:35:21,5.309834,
749,2025-08-07 09:35:29,5.078152,
750,2025-08-07 09:35:39,5.074243,4.951849
751,2025-08-07 09:35:48,4.973386,
752,2025-08-07 09:35:57,4.885784,
753,2025-08-07 09:36:05,4.896496,
754,2025-08-07 09:36:14,4.896845,
755,2025-08-07 09:36:23,5.205307,
756,2025-08-07 09:36:32,5.309196,
757,2025-08-07 09:36:41,4.863073,
758,2025-08-07 09:36:49,5.346405,
759,2025-08-07 09:36:58,5.305992,
760,2025-08-07 09:37:07,4.680638,
761,2025-08-07 09:37:16,4.803627,
762,2025-08-07 09:37:24,4.646019,
763,2025-08-07 09:37:33,4.826922,
764,2025-08-07 09:37:42,5.247405,
765,2025-08-07 09:37:51,5.040203,
766,2025-08-07 09:37:59,4.979207,
767,2025-08-07 09:38:08,4.845690,
768,2025-08-07 09:38:17,4.745944,
769,2025-08-07 09:38:25,4.929082,
770,2025-08-07 09:38:34,5.023831,
771,2025-08-07 09:38:43,4.703649,
772,2025-08-07 09:38:52,4.665360,
773,2025-08-07 09:39:01,4.504723,
774,2025-08-07 09:39:09,4.552603,
775,2025-08-07 09:39:18,5.059179,
776,2025-08-07 09:39:27,4.925869,
777,2025-08-07 09:39:36,4.545435,
778,2025-08-07 09:39:44,4.935086,
779,2025-08-07 09:39:53,4.815170,
780,2025-08-07 09:40:02,4.588111,
781,2025-08-07 09:40:11,5.705070,
782,2025-08-07 09:40:19,6.003267,
783,2025-08-07 09:40:28,4.925561,
784,2025-08-07 09:40:37,4.854602,
785,2025-08-07 09:40:46,4.890744,
786,2025-08-07 09:40:54,4.786602,
787,2025-08-07 09:41:03,5.233960,
788,2025-08-07 09:41:12,5.036118,
789,2025-08-07 09:41:20,4.999862,
790,2025-08-07 09:41:29,4.858716,
791,2025-08-07 09:41:38,4.870913,
792,2025-08-07 09:41:47,4.759675,
793,2025-08-07 09:41:55,4.705583,
794,2025-08-07 09:42:04,4.819571,
795,2025-08-07 09:42:13,4.708025,
796,2025-08-07 09:42:22,4.969320,
797,2025-08-07 09:42:30,5.205380,
798,2025-08-07 09:42:39,4.989685,
799,2025-08-07 09:42:48,5.213002,
800,2025-08-07 09:42:58,5.001647,5.066372
801,2025-08-07 09:43:06,4.909477,
802,2025-08-07 09:43:15,4.641926,
803,2025-08-07 09:43:24,4.411248,
804,2025-08-07 09:43:33,4.368712,
805,2025-08-07 09:43:41,4.622799,
806,2025-08-07 09:43:50,4.880561,
807,2025-08-07 09:43:59,4.881922,
808,2025-08-07 09:44:08,4.977565,
809,2025-08-07 09:44:16,4.974004,
810,2025-08-07 09:44:25,4.968843,
811,2025-08-07 09:44:34,5.197550,
812,2025-08-07 09:44:43,5.586226,
813,2025-08-07 09:44:51,5.426134,
814,2025-08-07 09:45:00,5.266444,
815,2025-08-07 09:45:09,5.051306,
816,2025-08-07 09:45:18,4.685835,
817,2025-08-07 09:45:26,4.712421,
818,2025-08-07 09:45:35,4.722450,
819,2025-08-07 09:45:44,4.710848,
820,2025-08-07 09:45:53,4.807627,
821,2025-08-07 09:46:01,4.688193,
822,2025-08-07 09:46:10,4.601261,
823,2025-08-07 09:46:19,4.524508,
824,2025-08-07 09:46:28,4.443349,
825,2025-08-07 09:46:36,4.535204,
826,2025-08-07 09:46:45,4.575891,
827,2025-08-07 09:46:54,4.523070,
828,2025-08-07 09:47:03,4.434773,
829,2025-08-07 09:47:11,4.638604,
830,2025-08-07 09:47:20,5.016054,
831,2025-08-07 09:47:29,5.066512,
832,2025-08-07 09:47:38,5.152680,
833,2025-08-07 09:47:46,4.494087,
834,2025-08-07 09:47:55,4.388077,
835,2025-08-07 09:48:04,4.851267,
836,2025-08-07 09:48:13,5.343692,
837,2025-08-07 09:48:22,5.163279,
838,2025-08-07 09:48:30,5.249466,
839,2025-08-07 09:48:39,4.822049,
840,2025-08-07 09:48:48,4.790555,
841,2025-08-07 09:48:57,4.683303,
842,2025-08-07 09:49:05,4.615835,
843,2025-08-07 09:49:14,4.738385,
844,2025-08-07 09:49:23,4.642847,
845,2025-08-07 09:49:32,4.425915,
846,2025-08-07 09:49:41,4.450463,
847,2025-08-07 09:49:49,4.737525,
848,2025-08-07 09:49:58,4.708625,
849,2025-08-07 09:50:07,4.626313,
850,2025-08-07 09:50:17,4.636634,4.734658
851,2025-08-07 09:50:25,4.923591,
852,2025-08-07 09:50:34,4.923337,
853,2025-08-07 09:50:43,4.935791,
854,2025-08-07 09:50:51,4.498096,
855,2025-08-07 09:51:00,4.638411,
856,2025-08-07 09:51:09,4.468297,
857,2025-08-07 09:51:18,4.667317,
858,2025-08-07 09:51:27,4.358391,
859,2025-08-07 09:51:35,4.101447,
860,2025-08-07 09:51:44,4.740924,
861,2025-08-07 09:51:53,4.874627,
862,2025-08-07 09:52:02,4.786030,
863,2025-08-07 09:52:10,4.822606,
864,2025-08-07 09:52:19,5.004707,
865,2025-08-07 09:52:28,4.633443,
866,2025-08-07 09:52:37,4.731620,
867,2025-08-07 09:52:46,4.525040,
868,2025-08-07 09:52:54,4.678075,
869,2025-08-07 09:53:03,4.403668,
870,2025-08-07 09:53:12,4.668352,
871,2025-08-07 09:53:21,4.661053,
872,2025-08-07 09:53:29,4.579931,
873,2025-08-07 09:53:38,4.557487,
874,2025-08-07 09:53:47,4.509190,
875,2025-08-07 09:53:56,4.582987,
876,2025-08-07 09:54:05,4.669112,
877,2025-08-07 09:54:13,4.602965,
878,2025-08-07 09:54:22,4.597071,
879,2025-08-07 09:54:31,4.433501,
880,2025-08-07 09:54:40,4.467968,
881,2025-08-07 09:54:49,4.470109,
882,2025-08-07 09:54:58,4.750705,
883,2025-08-07 09:55:06,4.919108,
884,2025-08-07 09:55:15,5.016021,
885,2025-08-07 09:55:24,4.916510,
886,2025-08-07 09:55:33,4.730230,
887,2025-08-07 09:55:41,4.526928,
888,2025-08-07 09:55:50,4.885801,
889,2025-08-07 09:55:59,4.525492,
890,2025-08-07 09:56:08,4.654551,
891,2025-08-07 09:56:16,4.724632,
892,2025-08-07 09:56:25,4.534412,
893,2025-08-07 09:56:34,4.508622,
894,2025-08-07 09:56:43,4.566082,
895,2025-08-07 09:56:51,4.630971,
896,2025-08-07 09:57:00,4.690611,
897,2025-08-07 09:57:09,4.691084,
898,2025-08-07 09:57:18,4.714299,
899,2025-08-07 09:57:26,4.626601,
900,2025-08-07 09:57:36,4.628489,4.511452
901,2025-08-07 09:57:45,4.649295,
902,2025-08-07 09:57:54,4.673803,
903,2025-08-07 09:58:02,4.674300,
904,2025-08-07 09:58:11,4.675373,
905,2025-08-07 09:58:20,4.597513,
906,2025-08-07 09:58:29,4.647739,
907,2025-08-07 09:58:37,4.727148,
908,2025-08-07 09:58:46,5.076324,
909,2025-08-07 09:58:55,5.061728,
910,2025-08-07 09:59:04,5.040633,
911,2025-08-07 09:59:12,4.883103,
912,2025-08-07 09:59:21,4.941952,
913,2025-08-07 09:59:30,4.963666,
914,2025-08-07 09:59:39,4.921876,
915,2025-08-07 09:59:47,4.762214,
916,2025-08-07 09:59:56,4.626995,
917,2025-08-07 10:00:05,4.636987,
918,2025-08-07 10:00:14,4.542458,
919,2025-08-07 10:00:22,4.487839,
920,2025-08-07 10:00:31,4.633244,
921,2025-08-07 10:00:40,4.761189,
922,2025-08-07 10:00:49,4.830441,
923,2025-08-07 10:00:57,4.875110,
924,2025-08-07 10:01:06,4.868441,
925,2025-08-07 10:01:15,4.851833,
926,2025-08-07 10:01:24,4.854421,
927,2025-08-07 10:01:32,5.057496,
928,2025-08-07 10:01:41,4.752757,
929,2025-08-07 10:01:50,5.028034,
930,2025-08-07 10:01:59,5.083082,
931,2025-08-07 10:02:08,5.221214,
932,2025-08-07 10:02:16,5.076839,
933,2025-08-07 10:02:25,4.990835,
934,2025-08-07 10:02:34,4.912229,
935,2025-08-07 10:02:43,4.990027,
936,2025-08-07 10:02:51,4.883492,
937,2025-08-07 10:03:00,4.872499,
938,2025-08-07 10:03:09,4.996768,
939,2025-08-07 10:03:18,4.906826,
940,2025-08-07 10:03:27,4.706167,
941,2025-08-07 10:03:35,4.720489,
942,2025-08-07 10:03:44,4.615034,
943,2025-08-07 10:03:53,4.734090,
944,2025-08-07 10:04:01,4.660301,
945,2025-08-07 10:04:10,4.567461,
946,2025-08-07 10:04:19,4.526073,
947,2025-08-07 10:04:28,4.571724,
948,2025-08-07 10:04:37,4.503401,
949,2025-08-07 10:04:45,4.928826,
950,2025-08-07 10:04:55,4.374741,4.601347
951,2025-08-07 10:05:04,5.058181,
952,2025-08-07 10:05:13,4.856420,
953,2025-08-07 10:05:21,4.668489,
954,2025-08-07 10:05:30,5.258811,
955,2025-08-07 10:05:39,5.284490,
956,2025-08-07 10:05:48,4.855680,
957,2025-08-07 10:05:57,4.830337,
958,2025-08-07 10:06:05,5.504192,
959,2025-08-07 10:06:14,4.938313,
960,2025-08-07 10:06:23,4.896096,
961,2025-08-07 10:06:32,4.862107,
962,2025-08-07 10:06:40,5.489096,
963,2025-08-07 10:06:49,5.326736,
964,2025-08-07 10:06:58,4.981396,
965,2025-08-07 10:07:07,5.073846,
966,2025-08-07 10:07:16,5.004892,
967,2025-08-07 10:07:24,5.225413,
968,2025-08-07 10:07:33,5.017723,
969,2025-08-07 10:07:42,4.915168,
970,2025-08-07 10:07:51,4.875545,
971,2025-08-07 10:07:59,4.509735,
972,2025-08-07 10:08:08,4.330198,
973,2025-08-07 10:08:17,4.801617,
974,2025-08-07 10:08:25,4.511178,
975,2025-08-07 10:08:34,4.714032,
976,2025-08-07 10:08:43,4.533201,
977,2025-08-07 10:08:52,4.536734,
978,2025-08-07 10:09:00,4.751013,
979,2025-08-07 10:09:09,4.567774,
980,2025-08-07 10:09:18,4.478327,
981,2025-08-07 10:09:27,4.410242,
982,2025-08-07 10:09:36,4.608464,
983,2025-08-07 10:09:44,4.608321,
984,2025-08-07 10:09:53,4.697241,
985,2025-08-07 10:10:02,4.566307,
986,2025-08-07 10:10:11,4.525900,
987,2025-08-07 10:10:19,4.552409,
988,2025-08-07 10:10:28,4.591368,
989,2025-08-07 10:10:37,4.606027,
990,2025-08-07 10:10:46,4.564839,
991,2025-08-07 10:10:54,4.569276,
992,2025-08-07 10:11:03,4.575762,
993,2025-08-07 10:11:12,4.558963,
994,2025-08-07 10:11:20,4.612085,
995,2025-08-07 10:11:29,4.665411,
996,2025-08-07 10:11:38,4.711574,
997,2025-08-07 10:11:47,4.720047,
998,2025-08-07 10:11:56,4.559844,
999,2025-08-07 10:12:04,4.323901,
1000,2025-08-07 10:12:20,4.430285,4.395084
1001,2025-08-07 10:12:29,4.352775,
1002,2025-08-07 10:12:38,4.379677,
1003,2025-08-07 10:12:47,4.385417,
1004,2025-08-07 10:12:55,4.296795,
1005,2025-08-07 10:13:04,4.724154,
1006,2025-08-07 10:13:13,5.164641,
1007,2025-08-07 10:13:22,5.213517,
1008,2025-08-07 10:13:31,5.253851,
1009,2025-08-07 10:13:39,5.570246,
1010,2025-08-07 10:13:48,5.294756,
1011,2025-08-07 10:13:57,4.607825,
1012,2025-08-07 10:14:06,4.586396,
1013,2025-08-07 10:14:14,4.507470,
1014,2025-08-07 10:14:23,4.742669,
1015,2025-08-07 10:14:32,4.790562,
1016,2025-08-07 10:14:41,4.781968,
1017,2025-08-07 10:14:50,4.792356,
1018,2025-08-07 10:14:58,4.712790,
1019,2025-08-07 10:15:07,4.780921,
1020,2025-08-07 10:15:16,4.794034,
1021,2025-08-07 10:15:25,4.918224,
1022,2025-08-07 10:15:34,4.946541,
1023,2025-08-07 10:15:42,4.890603,
1024,2025-08-07 10:15:51,4.510368,
1025,2025-08-07 10:16:00,4.369213,
1026,2025-08-07 10:16:09,4.394359,
1027,2025-08-07 10:16:17,4.482523,
1028,2025-08-07 10:16:26,4.545658,
1029,2025-08-07 10:16:35,4.626325,
1030,2025-08-07 10:16:44,4.603570,
1031,2025-08-07 10:16:52,4.563907,
1032,2025-08-07 10:17:01,4.627868,
1033,2025-08-07 10:17:10,4.567577,
1034,2025-08-07 10:17:19,4.633958,
1035,2025-08-07 10:17:28,4.954758,
1036,2025-08-07 10:17:36,5.264391,
1037,2025-08-07 10:17:45,5.208662,
1038,2025-08-07 10:17:54,4.950788,
1039,2025-08-07 10:18:02,4.807349,
1040,2025-08-07 10:18:11,4.518198,
1041,2025-08-07 10:18:20,4.769634,
1042,2025-08-07 10:18:29,4.557436,
1043,2025-08-07 10:18:38,4.606005,
1044,2025-08-07 10:18:46,4.543725,
1045,2025-08-07 10:18:55,4.498116,
1046,2025-08-07 10:19:04,4.481196,
1047,2025-08-07 10:19:13,4.410454,
1048,2025-08-07 10:19:21,4.348063,
1049,2025-08-07 10:19:30,4.489481,
1050,2025-08-07 10:19:40,4.539248,4.375296
1051,2025-08-07 10:19:49,4.407864,
1052,2025-08-07 10:19:57,4.383631,
1053,2025-08-07 10:20:06,4.240492,
1054,2025-08-07 10:20:15,4.254791,
1055,2025-08-07 10:20:24,4.792505,
1056,2025-08-07 10:20:33,4.732978,
1057,2025-08-07 10:20:41,4.607995,
1058,2025-08-07 10:20:50,4.495771,
1059,2025-08-07 10:20:59,4.556019,
1060,2025-08-07 10:21:08,4.622574,
1061,2025-08-07 10:21:17,4.554060,
1062,2025-08-07 10:21:25,4.557871,
1063,2025-08-07 10:21:34,4.596395,
1064,2025-08-07 10:21:43,4.640419,
1065,2025-08-07 10:21:52,4.672311,
1066,2025-08-07 10:22:00,4.617382,
1067,2025-08-07 10:22:09,4.656241,
1068,2025-08-07 10:22:18,4.637027,
1069,2025-08-07 10:22:26,4.592770,
1070,2025-08-07 10:22:35,4.567303,
1071,2025-08-07 10:22:44,4.550537,
1072,2025-08-07 10:22:53,4.539729,
1073,2025-08-07 10:23:02,4.560500,
1074,2025-08-07 10:23:10,4.761224,
1075,2025-08-07 10:23:19,4.860820,
1076,2025-08-07 10:23:28,4.903940,
1077,2025-08-07 10:23:37,5.043219,
1078,2025-08-07 10:23:46,4.866108,
1079,2025-08-07 10:23:54,4.920611,
1080,2025-08-07 10:24:03,4.827853,
1081,2025-08-07 10:24:12,4.950719,
1082,2025-08-07 10:24:21,4.862349,
1083,2025-08-07 10:24:29,4.828197,
1084,2025-08-07 10:24:38,4.784095,
1085,2025-08-07 10:24:47,4.854872,
1086,2025-08-07 10:24:56,4.808929,
1087,2025-08-07 10:25:05,4.776464,
1088,2025-08-07 10:25:13,4.629863,
1089,2025-08-07 10:25:22,4.659479,
1090,2025-08-07 10:25:31,4.667204,
1091,2025-08-07 10:25:40,4.481336,
1092,2025-08-07 10:25:48,4.771725,
1093,2025-08-07 10:25:57,4.661064,
1094,2025-08-07 10:26:06,4.682285,
1095,2025-08-07 10:26:15,4.666040,
1096,2025-08-07 10:26:24,4.583199,
1097,2025-08-07 10:26:32,4.529780,
1098,2025-08-07 10:26:41,4.688751,
1099,2025-08-07 10:26:50,4.505683,
1100,2025-08-07 10:27:00,4.435787,4.388593
1101,2025-08-07 10:27:08,4.520046,
1102,2025-08-07 10:27:17,4.537887,
1103,2025-08-07 10:27:26,4.564223,
1104,2025-08-07 10:27:35,4.500575,
1105,2025-08-07 10:27:43,4.535059,
1106,2025-08-07 10:27:52,4.439860,
1107,2025-08-07 10:28:01,4.424881,
1108,2025-08-07 10:28:10,4.356788,
1109,2025-08-07 10:28:18,4.353601,
1110,2025-08-07 10:28:27,4.308064,
1111,2025-08-07 10:28:36,4.359281,
1112,2025-08-07 10:28:45,4.292277,
1113,2025-08-07 10:28:53,4.225851,
1114,2025-08-07 10:29:02,4.158548,
1115,2025-08-07 10:29:11,4.184287,
1116,2025-08-07 10:29:20,4.196401,
1117,2025-08-07 10:29:28,4.176697,
1118,2025-08-07 10:29:37,4.146497,
1119,2025-08-07 10:29:46,4.169482,
1120,2025-08-07 10:29:55,4.147768,
1121,2025-08-07 10:30:04,4.011090,
1122,2025-08-07 10:30:12,4.016516,
1123,2025-08-07 10:30:21,4.035940,
1124,2025-08-07 10:30:30,4.008921,
1125,2025-08-07 10:30:39,4.000158,
1126,2025-08-07 10:30:47,3.936017,
1127,2025-08-07 10:30:56,3.933224,
1128,2025-08-07 10:31:05,3.989635,
1129,2025-08-07 10:31:14,3.902548,
1130,2025-08-07 10:31:23,3.923339,
1131,2025-08-07 10:31:31,3.772264,
1132,2025-08-07 10:31:40,3.779520,
1133,2025-08-07 10:31:49,3.759734,
1134,2025-08-07 10:31:57,3.846770,
1135,2025-08-07 10:32:06,3.787195,
1136,2025-08-07 10:32:15,3.655196,
1137,2025-08-07 10:32:24,3.746816,
1138,2025-08-07 10:32:32,3.690010,
1139,2025-08-07 10:32:41,3.638128,
1140,2025-08-07 10:32:50,3.542414,
1141,2025-08-07 10:32:59,3.626677,
1142,2025-08-07 10:33:08,3.538975,
1143,2025-08-07 10:33:16,3.513345,
1144,2025-08-07 10:33:25,3.641083,
1145,2025-08-07 10:33:34,3.778788,
1146,2025-08-07 10:33:43,3.568550,
1147,2025-08-07 10:33:52,3.459928,
1148,2025-08-07 10:34:00,3.463410,
1149,2025-08-07 10:34:09,3.610522,
1150,2025-08-07 10:34:19,3.479383,4.410818
1151,2025-08-07 10:34:28,3.489390,
1152,2025-08-07 10:34:36,3.397563,
1153,2025-08-07 10:34:45,3.378947,
1154,2025-08-07 10:34:54,3.435539,
1155,2025-08-07 10:35:03,3.355608,
1156,2025-08-07 10:35:11,3.579157,
1157,2025-08-07 10:35:20,3.376063,
1158,2025-08-07 10:35:29,3.444400,
1159,2025-08-07 10:35:38,3.556611,
1160,2025-08-07 10:35:47,3.481993,
1161,2025-08-07 10:35:55,3.495068,
1162,2025-08-07 10:36:04,3.605857,
1163,2025-08-07 10:36:13,3.634892,
1164,2025-08-07 10:36:21,3.585853,
1165,2025-08-07 10:36:30,3.666067,
1166,2025-08-07 10:36:39,3.528679,
1167,2025-08-07 10:36:48,3.467796,
1168,2025-08-07 10:36:57,3.512361,
1169,2025-08-07 10:37:05,3.551050,
1170,2025-08-07 10:37:14,3.490380,
1171,2025-08-07 10:37:23,3.453508,
1172,2025-08-07 10:37:32,3.445285,
1173,2025-08-07 10:37:40,3.426867,
1174,2025-08-07 10:37:49,3.288028,
1175,2025-08-07 10:37:58,3.470629,
1176,2025-08-07 10:38:07,3.405872,
1177,2025-08-07 10:38:16,3.485404,
1178,2025-08-07 10:38:24,3.406656,
1179,2025-08-07 10:38:33,3.391775,
1180,2025-08-07 10:38:42,3.383757,
1181,2025-08-07 10:38:51,4.442356,
1182,2025-08-07 10:39:00,4.881983,
1183,2025-08-07 10:39:08,5.263037,
1184,2025-08-07 10:39:17,4.803930,
1185,2025-08-07 10:39:26,4.797031,
1186,2025-08-07 10:39:35,4.600250,
1187,2025-08-07 10:39:43,4.517912,
1188,2025-08-07 10:39:52,4.451540,
1189,2025-08-07 10:40:01,4.257882,
1190,2025-08-07 10:40:10,4.799290,
1191,2025-08-07 10:40:19,4.817080,
1192,2025-08-07 10:40:28,4.130390,
1193,2025-08-07 10:40:36,4.198655,
1194,2025-08-07 10:40:45,4.450951,
1195,2025-08-07 10:40:54,4.426527,
1196,2025-08-07 10:41:03,4.350261,
1197,2025-08-07 10:41:12,4.309269,
1198,2025-08-07 10:41:20,4.310357,
1199,2025-08-07 10:41:29,4.376994,
1200,2025-08-07 10:41:39,4.326202,4.154041
1201,2025-08-07 10:41:48,4.392494,
1202,2025-08-07 10:41:57,4.332010,
1203,2025-08-07 10:42:06,4.397736,
1204,2025-08-07 10:42:14,4.225540,
1205,2025-08-07 10:42:23,4.264007,
1206,2025-08-07 10:42:32,4.126366,
1207,2025-08-07 10:42:41,4.041106,
1208,2025-08-07 10:42:50,4.520962,
1209,2025-08-07 10:42:58,4.505756,
1210,2025-08-07 10:43:08,4.084219,
1211,2025-08-07 10:43:16,3.944206,
1212,2025-08-07 10:43:25,4.235869,
1213,2025-08-07 10:43:34,4.061123,
1214,2025-08-07 10:43:43,4.119840,
1215,2025-08-07 10:43:52,4.147209,
1216,2025-08-07 10:44:00,4.180887,
1217,2025-08-07 10:44:09,4.263234,
1218,2025-08-07 10:44:18,4.185310,
1219,2025-08-07 10:44:27,3.880301,
1220,2025-08-07 10:44:36,4.553579,
1221,2025-08-07 10:44:45,4.657727,
1222,2025-08-07 10:44:54,4.563450,
1223,2025-08-07 10:45:02,4.513651,
1224,2025-08-07 10:45:11,4.568884,
1225,2025-08-07 10:45:20,4.634709,
1226,2025-08-07 10:45:29,4.518860,
1227,2025-08-07 10:45:38,4.466614,
1228,2025-08-07 10:45:47,4.450066,
1229,2025-08-07 10:45:55,4.462082,
1230,2025-08-07 10:46:04,4.485415,
1231,2025-08-07 10:46:13,4.451386,
1232,2025-08-07 10:46:22,4.426049,
1233,2025-08-07 10:46:31,4.429261,
1234,2025-08-07 10:46:39,4.470752,
1235,2025-08-07 10:46:49,4.403770,
1236,2025-08-07 10:46:57,4.367332,
1237,2025-08-07 10:47:06,4.379779,
1238,2025-08-07 10:47:15,4.374633,
1239,2025-08-07 10:47:24,4.359319,
1240,2025-08-07 10:47:33,4.401610,
1241,2025-08-07 10:47:42,4.431678,
1242,2025-08-07 10:47:50,4.437580,
1243,2025-08-07 10:47:59,4.430454,
1244,2025-08-07 10:48:08,4.390898,
1245,2025-08-07 10:48:17,4.400032,
1246,2025-08-07 10:48:26,4.415452,
1247,2025-08-07 10:48:35,4.422169,
1248,2025-08-07 10:48:43,4.343266,
1249,2025-08-07 10:48:52,4.359242,
1250,2025-08-07 10:49:02,4.307948,4.082634
1251,2025-08-07 10:49:11,4.309452,
1252,2025-08-07 10:49:20,4.253425,
1253,2025-08-07 10:49:28,4.361972,
1254,2025-08-07 10:49:37,4.273164,
1255,2025-08-07 10:49:46,4.258307,
1256,2025-08-07 10:49:55,4.345522,
1257,2025-08-07 10:50:04,4.290748,
1258,2025-08-07 10:50:12,4.348053,
1259,2025-08-07 10:50:21,4.355252,
1260,2025-08-07 10:50:30,4.368856,
1261,2025-08-07 10:50:39,4.339962,
1262,2025-08-07 10:50:47,4.267455,
1263,2025-08-07 10:50:56,4.248522,
1264,2025-08-07 10:51:05,4.283731,
1265,2025-08-07 10:51:14,4.316509,
1266,2025-08-07 10:51:23,4.343954,
1267,2025-08-07 10:51:31,4.350760,
1268,2025-08-07 10:51:40,4.353867,
1269,2025-08-07 10:51:49,4.302727,
1270,2025-08-07 10:51:58,4.314639,
1271,2025-08-07 10:52:06,4.345989,
1272,2025-08-07 10:52:15,4.178152,
1273,2025-08-07 10:52:24,4.146893,
1274,2025-08-07 10:52:33,4.208331,
1275,2025-08-07 10:52:42,4.121760,
1276,2025-08-07 10:52:50,4.390606,
1277,2025-08-07 10:52:59,4.520622,
1278,2025-08-07 10:53:08,4.512519,
1279,2025-08-07 10:53:17,4.486569,
1280,2025-08-07 10:53:26,4.685101,
1281,2025-08-07 10:53:34,4.897366,
1282,2025-08-07 10:53:43,4.926401,
1283,2025-08-07 10:53:52,4.415904,
1284,2025-08-07 10:54:00,4.178088,
1285,2025-08-07 10:54:09,4.106610,
1286,2025-08-07 10:54:18,4.209045,
1287,2025-08-07 10:54:27,4.603569,
1288,2025-08-07 10:54:36,4.757531,
1289,2025-08-07 10:54:44,4.349636,
1290,2025-08-07 10:54:53,3.722254,
1291,2025-08-07 10:55:02,4.178669,
1292,2025-08-07 10:55:11,4.620493,
1293,2025-08-07 10:55:20,4.111319,
1294,2025-08-07 10:55:28,4.096327,
1295,2025-08-07 10:55:37,4.043973,
1296,2025-08-07 10:55:46,4.431006,
1297,2025-08-07 10:55:55,4.368506,
1298,2025-08-07 10:56:03,4.350099,
1299,2025-08-07 10:56:12,4.226983,
1300,2025-08-07 10:56:22,4.086764,3.995592
1301,2025-08-07 10:56:31,4.038996,
1302,2025-08-07 10:56:40,3.921848,
1303,2025-08-07 10:56:48,2.456890,
1304,2025-08-07 10:56:57,4.184019,
1305,2025-08-07 10:57:06,4.335737,
1306,2025-08-07 10:57:15,4.262680,
1307,2025-08-07 10:57:23,4.251262,
1308,2025-08-07 10:57:32,4.173613,
1309,2025-08-07 10:57:41,4.197577,
1310,2025-08-07 10:57:50,4.401094,
1311,2025-08-07 10:57:59,4.228834,
1312,2025-08-07 10:58:07,4.062562,
1313,2025-08-07 10:58:16,4.116800,
1314,2025-08-07 10:58:25,4.118678,
1315,2025-08-07 10:58:34,4.209743,
1316,2025-08-07 10:58:42,4.188833,
1317,2025-08-07 10:58:51,4.043329,
1318,2025-08-07 10:59:00,3.869943,
1319,2025-08-07 10:59:09,3.954475,
1320,2025-08-07 10:59:18,3.951687,
1321,2025-08-07 10:59:26,4.424584,
1322,2025-08-07 10:59:35,4.617593,
1323,2025-08-07 10:59:44,3.834134,
1324,2025-08-07 10:59:53,4.118821,
1325,2025-08-07 11:00:02,4.230136,
1326,2025-08-07 11:00:10,4.566020,
1327,2025-08-07 11:00:19,4.794131,
1328,2025-08-07 11:00:28,4.593387,
1329,2025-08-07 11:00:36,4.297675,
1330,2025-08-07 11:00:46,4.805828,
1331,2025-08-07 11:00:54,4.730919,
1332,2025-08-07 11:01:03,4.736322,
1333,2025-08-07 11:01:12,4.437554,
1334,2025-08-07 11:01:21,4.463912,
1335,2025-08-07 11:01:29,5.284523,
1336,2025-08-07 11:01:38,5.721997,
1337,2025-08-07 11:01:47,5.568078,
1338,2025-08-07 11:01:56,5.631482,
1339,2025-08-07 11:02:04,5.501220,
1340,2025-08-07 11:02:13,4.674677,
1341,2025-08-07 11:02:22,4.260329,
1342,2025-08-07 11:02:31,4.283339,
1343,2025-08-07 11:02:40,4.294147,
1344,2025-08-07 11:02:48,4.260327,
1345,2025-08-07 11:02:57,4.231026,
1346,2025-08-07 11:03:06,4.224225,
1347,2025-08-07 11:03:15,4.261583,
1348,2025-08-07 11:03:24,4.654099,
1349,2025-08-07 11:03:32,4.606915,
1350,2025-08-07 11:03:42,4.486205,4.012301
1351,2025-08-07 11:03:51,4.524037,
1352,2025-08-07 11:04:00,4.515139,
1353,2025-08-07 11:04:09,4.467811,
1354,2025-08-07 11:04:17,4.515954,
1355,2025-08-07 11:04:26,4.523341,
1356,2025-08-07 11:04:35,4.472474,
1357,2025-08-07 11:04:44,4.523049,
1358,2025-08-07 11:04:53,4.504157,
1359,2025-08-07 11:05:01,4.485147,
1360,2025-08-07 11:05:10,4.461800,
1361,2025-08-07 11:05:19,4.457461,
1362,2025-08-07 11:05:28,4.427095,
1363,2025-08-07 11:05:37,4.428947,
1364,2025-08-07 11:05:45,4.418480,
1365,2025-08-07 11:05:54,4.404416,
1366,2025-08-07 11:06:03,4.486643,
1367,2025-08-07 11:06:12,4.436813,
1368,2025-08-07 11:06:21,4.346100,
1369,2025-08-07 11:06:29,4.331868,
1370,2025-08-07 11:06:38,4.332800,
1371,2025-08-07 11:06:47,4.259433,
1372,2025-08-07 11:06:56,4.305104,
1373,2025-08-07 11:07:05,4.398700,
1374,2025-08-07 11:07:13,4.306573,
1375,2025-08-07 11:07:22,4.184764,
1376,2025-08-07 11:07:31,4.255196,
1377,2025-08-07 11:07:40,4.235539,
1378,2025-08-07 11:07:48,4.204443,
1379,2025-08-07 11:07:57,4.214121,
1380,2025-08-07 11:08:06,4.157692,
1381,2025-08-07 11:08:15,4.121043,
1382,2025-08-07 11:08:24,4.122087,
1383,2025-08-07 11:08:32,4.168801,
1384,2025-08-07 11:08:41,5.148959,
1385,2025-08-07 11:08:50,5.166450,
1386,2025-08-07 11:08:59,5.090290,
1387,2025-08-07 11:09:08,5.106833,
1388,2025-08-07 11:09:16,5.156115,
1389,2025-08-07 11:09:25,5.148670,
1390,2025-08-07 11:09:34,5.126608,
1391,2025-08-07 11:09:43,5.108022,
1392,2025-08-07 11:09:52,5.072075,
1393,2025-08-07 11:10:00,5.112678,
1394,2025-08-07 11:10:09,5.051351,
1395,2025-08-07 11:10:18,4.880618,
1396,2025-08-07 11:10:27,4.533117,
1397,2025-08-07 11:10:35,4.624910,
1398,2025-08-07 11:10:44,4.483340,
1399,2025-08-07 11:10:53,4.601770,
1400,2025-08-07 11:11:03,4.486638,4.143524
1401,2025-08-07 11:11:11,4.519788,
1402,2025-08-07 11:11:20,4.440816,
1403,2025-08-07 11:11:29,4.436431,
1404,2025-08-07 11:11:38,4.494715,
1405,2025-08-07 11:11:47,4.523466,
1406,2025-08-07 11:11:55,5.319268,
1407,2025-08-07 11:12:04,5.286119,
1408,2025-08-07 11:12:13,5.279330,
1409,2025-08-07 11:12:21,5.271033,
1410,2025-08-07 11:12:30,5.242998,
1411,2025-08-07 11:12:39,5.057183,
1412,2025-08-07 11:12:48,4.481831,
1413,2025-08-07 11:12:57,4.339274,
1414,2025-08-07 11:13:05,4.630503,
1415,2025-08-07 11:13:14,5.032820,
1416,2025-08-07 11:13:23,5.064752,
1417,2025-08-07 11:13:32,4.858407,
1418,2025-08-07 11:13:40,4.919172,
1419,2025-08-07 11:13:49,4.764447,
1420,2025-08-07 11:13:58,4.434916,
1421,2025-08-07 11:14:07,4.389257,
1422,2025-08-07 11:14:16,4.213351,
1423,2025-08-07 11:14:24,4.422766,
1424,2025-08-07 11:14:33,4.450618,
1425,2025-08-07 11:14:42,4.329629,
1426,2025-08-07 11:14:51,4.303200,
1427,2025-08-07 11:15:00,4.341775,
1428,2025-08-07 11:15:08,4.228371,
1429,2025-08-07 11:15:17,4.430809,
1430,2025-08-07 11:15:26,4.422612,
1431,2025-08-07 11:15:35,4.339405,
1432,2025-08-07 11:15:44,4.262586,
1433,2025-08-07 11:15:52,4.268064,
1434,2025-08-07 11:16:01,4.201753,
1435,2025-08-07 11:16:10,4.097376,
1436,2025-08-07 11:16:19,4.090379,
1437,2025-08-07 11:16:27,4.029044,
1438,2025-08-07 11:16:36,4.042830,
1439,2025-08-07 11:16:45,4.295859,
1440,2025-08-07 11:16:54,4.272594,
1441,2025-08-07 11:17:02,4.865712,
1442,2025-08-07 11:17:11,4.933986,
1443,2025-08-07 11:17:20,4.909293,
1444,2025-08-07 11:17:29,4.891145,
1445,2025-08-07 11:17:38,4.832883,
1446,2025-08-07 11:17:46,4.844317,
1447,2025-08-07 11:17:55,4.820920,
1448,2025-08-07 11:18:04,4.804891,
1449,2025-08-07 11:18:13,4.802029,
1450,2025-08-07 11:18:23,4.776802,4.058196
1451,2025-08-07 11:18:31,4.793492,
1452,2025-08-07 11:18:40,4.758647,
1453,2025-08-07 11:18:49,4.749788,
1454,2025-08-07 11:18:57,4.726683,
1455,2025-08-07 11:19:06,4.735678,
1456,2025-08-07 11:19:15,4.711881,
1457,2025-08-07 11:19:24,4.682650,
1458,2025-08-07 11:19:33,4.717344,
1459,2025-08-07 11:19:41,4.679155,
1460,2025-08-07 11:19:50,4.658907,
1461,2025-08-07 11:19:59,4.694455,
1462,2025-08-07 11:20:08,4.672199,
1463,2025-08-07 11:20:17,4.670733,
1464,2025-08-07 11:20:25,4.658571,
1465,2025-08-07 11:20:34,4.680182,
1466,2025-08-07 11:20:43,4.647496,
1467,2025-08-07 11:20:52,4.487183,
1468,2025-08-07 11:21:01,4.393352,
1469,2025-08-07 11:21:09,4.387602,
1470,2025-08-07 11:21:18,4.445020,
1471,2025-08-07 11:21:27,4.223221,
1472,2025-08-07 11:21:36,4.155535,
1473,2025-08-07 11:21:45,4.291106,
1474,2025-08-07 11:21:53,4.147555,
1475,2025-08-07 11:22:02,4.297404,
1476,2025-08-07 11:22:11,4.099702,
1477,2025-08-07 11:22:20,4.526193,
1478,2025-08-07 11:22:29,4.190949,
1479,2025-08-07 11:22:37,4.099257,
1480,2025-08-07 11:22:46,4.091903,
1481,2025-08-07 11:22:55,4.046887,
1482,2025-08-07 11:23:04,4.161418,
1483,2025-08-07 11:23:12,4.119983,
1484,2025-08-07 11:23:21,4.065831,
1485,2025-08-07 11:23:30,4.373110,
1486,2025-08-07 11:23:39,3.899221,
1487,2025-08-07 11:23:48,3.830462,
1488,2025-08-07 11:23:57,3.775393,
1489,2025-08-07 11:24:05,3.634282,
1490,2025-08-07 11:24:14,3.984470,
1491,2025-08-07 11:24:23,4.069797,
1492,2025-08-07 11:24:32,4.128999,
1493,2025-08-07 11:24:40,4.065156,
1494,2025-08-07 11:24:49,4.062034,
1495,2025-08-07 11:24:58,4.065482,
1496,2025-08-07 11:25:07,4.100075,
1497,2025-08-07 11:25:16,4.090094,
1498,2025-08-07 11:25:24,4.155226,
1499,2025-08-07 11:25:33,4.072562,
1500,2025-08-07 11:25:48,4.084853,3.822797
1501,2025-08-07 11:25:57,3.985158,
1502,2025-08-07 11:26:05,3.992325,
1503,2025-08-07 11:26:14,3.998495,
1504,2025-08-07 11:26:23,4.134852,
1505,2025-08-07 11:26:32,4.299663,
1506,2025-08-07 11:26:41,4.237443,
1507,2025-08-07 11:26:49,4.286679,
1508,2025-08-07 11:26:58,3.431530,
1509,2025-08-07 11:27:07,3.760628,
1510,2025-08-07 11:27:16,4.800697,
1511,2025-08-07 11:27:25,4.634134,
1512,2025-08-07 11:27:34,4.325963,
1513,2025-08-07 11:27:43,4.422626,
1514,2025-08-07 11:27:51,4.740198,
1515,2025-08-07 11:28:00,3.829207,
1516,2025-08-07 11:28:09,4.414353,
1517,2025-08-07 11:28:18,4.261221,
1518,2025-08-07 11:28:26,4.213315,
1519,2025-08-07 11:28:35,4.316614,
1520,2025-08-07 11:28:44,4.123428,
1521,2025-08-07 11:28:53,4.133246,
1522,2025-08-07 11:29:02,4.120083,
1523,2025-08-07 11:29:10,4.142802,
1524,2025-08-07 11:29:19,4.337858,
1525,2025-08-07 11:29:28,4.393889,
1526,2025-08-07 11:29:37,4.364271,
1527,2025-08-07 11:29:45,4.338314,
1528,2025-08-07 11:29:54,4.307521,
1529,2025-08-07 11:30:03,4.339080,
1530,2025-08-07 11:30:12,4.389221,
1531,2025-08-07 11:30:21,4.421398,
1532,2025-08-07 11:30:30,4.934196,
1533,2025-08-07 11:30:38,4.472236,
1534,2025-08-07 11:30:47,4.233692,
1535,2025-08-07 11:30:56,4.139052,
1536,2025-08-07 11:31:05,4.149183,
1537,2025-08-07 11:31:13,4.164202,
1538,2025-08-07 11:31:22,4.130684,
1539,2025-08-07 11:31:31,4.188923,
1540,2025-08-07 11:31:40,4.119213,
1541,2025-08-07 11:31:49,4.159201,
1542,2025-08-07 11:31:57,4.198029,
1543,2025-08-07 11:32:06,4.128780,
1544,2025-08-07 11:32:15,4.155914,
1545,2025-08-07 11:32:24,4.062656,
1546,2025-08-07 11:32:33,4.178439,
1547,2025-08-07 11:32:41,4.234387,
1548,2025-08-07 11:32:50,4.587637,
1549,2025-08-07 11:32:59,5.038798,
1550,2025-08-07 11:33:09,5.291708,3.861466
1551,2025-08-07 11:33:17,4.363605,
1552,2025-08-07 11:33:26,4.272673,
1553,2025-08-07 11:33:35,4.336625,
1554,2025-08-07 11:33:44,4.465415,
1555,2025-08-07 11:33:53,4.358541,
1556,2025-08-07 11:34:01,4.307871,
1557,2025-08-07 11:34:10,4.275074,
1558,2025-08-07 11:34:19,4.054263,
1559,2025-08-07 11:34:28,4.137505,
1560,2025-08-07 11:34:36,4.183900,
1561,2025-08-07 11:34:45,4.177742,
1562,2025-08-07 11:34:54,4.264438,
1563,2025-08-07 11:35:03,4.298658,
1564,2025-08-07 11:35:11,4.417393,
1565,2025-08-07 11:35:20,4.299166,
1566,2025-08-07 11:35:29,4.199108,
1567,2025-08-07 11:35:38,4.026746,
1568,2025-08-07 11:35:47,4.065925,
1569,2025-08-07 11:35:55,4.079370,
1570,2025-08-07 11:36:04,4.428583,
1571,2025-08-07 11:36:13,4.436010,
1572,2025-08-07 11:36:22,4.549537,
1573,2025-08-07 11:36:30,4.807384,
1574,2025-08-07 11:36:39,5.088878,
1575,2025-08-07 11:36:48,5.096558,
1576,2025-08-07 11:36:57,5.015791,
1577,2025-08-07 11:37:06,4.848869,
1578,2025-08-07 11:37:14,4.771028,
1579,2025-08-07 11:37:23,4.798924,
1580,2025-08-07 11:37:32,4.964177,
1581,2025-08-07 11:37:41,5.050451,
1582,2025-08-07 11:37:50,4.840391,
1583,2025-08-07 11:37:58,5.056417,
1584,2025-08-07 11:38:07,5.157244,
1585,2025-08-07 11:38:16,5.112548,
1586,2025-08-07 11:38:25,5.075396,
1587,2025-08-07 11:38:33,5.080786,
1588,2025-08-07 11:38:42,5.089537,
1589,2025-08-07 11:38:51,5.171237,
1590,2025-08-07 11:39:00,5.003015,
1591,2025-08-07 11:39:09,4.995914,
1592,2025-08-07 11:39:17,4.866257,
1593,2025-08-07 11:39:26,4.968650,
1594,2025-08-07 11:39:35,5.058225,
1595,2025-08-07 11:39:44,5.084790,
1596,2025-08-07 11:39:53,4.941683,
1597,2025-08-07 11:40:01,4.263128,
1598,2025-08-07 11:40:10,4.172339,
1599,2025-08-07 11:40:19,4.254888,
1600,2025-08-07 11:40:29,4.617608,3.817043
1601,2025-08-07 11:40:37,4.395740,
1602,2025-08-07 11:40:46,5.062749,
1603,2025-08-07 11:40:55,4.615980,
1604,2025-08-07 11:41:04,4.343416,
1605,2025-08-07 11:41:13,4.370005,
1606,2025-08-07 11:41:21,4.533838,
1607,2025-08-07 11:41:30,4.344721,
1608,2025-08-07 11:41:39,4.285062,
1609,2025-08-07 11:41:48,4.333627,
1610,2025-08-07 11:41:57,4.332223,
1611,2025-08-07 11:42:05,4.220339,
1612,2025-08-07 11:42:14,4.292437,
1613,2025-08-07 11:42:23,4.339938,
1614,2025-08-07 11:42:31,4.352472,
1615,2025-08-07 11:42:40,4.471208,
1616,2025-08-07 11:42:49,5.066684,
1617,2025-08-07 11:42:58,4.282247,
1618,2025-08-07 11:43:07,4.279484,
1619,2025-08-07 11:43:15,4.156255,
1620,2025-08-07 11:43:24,4.299398,
1621,2025-08-07 11:43:33,4.226970,
1622,2025-08-07 11:43:42,4.298196,
1623,2025-08-07 11:43:50,4.204263,
1624,2025-08-07 11:43:59,4.181812,
1625,2025-08-07 11:44:08,4.164068,
1626,2025-08-07 11:44:17,4.149589,
1627,2025-08-07 11:44:25,4.175817,
1628,2025-08-07 11:44:34,4.153400,
1629,2025-08-07 11:44:43,4.201582,
1630,2025-08-07 11:44:52,4.170236,
1631,2025-08-07 11:45:01,4.137478,
1632,2025-08-07 11:45:09,4.144955,
1633,2025-08-07 11:45:18,4.130954,
1634,2025-08-07 11:45:27,4.126336,
1635,2025-08-07 11:45:36,4.133312,
1636,2025-08-07 11:45:44,4.089962,
1637,2025-08-07 11:45:53,4.085425,
1638,2025-08-07 11:46:02,4.057349,
1639,2025-08-07 11:46:11,3.946143,
1640,2025-08-07 11:46:20,4.011436,
1641,2025-08-07 11:46:28,4.346146,
1642,2025-08-07 11:46:37,4.345926,
1643,2025-08-07 11:46:46,4.333131,
1644,2025-08-07 11:46:54,4.292410,
1645,2025-08-07 11:47:03,4.294970,
1646,2025-08-07 11:47:12,4.317941,
1647,2025-08-07 11:47:21,4.287979,
1648,2025-08-07 11:47:30,4.239799,
1649,2025-08-07 11:47:38,4.250389,
1650,2025-08-07 11:47:48,4.241861,3.753322
1651,2025-08-07 11:47:57,4.286249,
1652,2025-08-07 11:48:06,4.274570,
1653,2025-08-07 11:48:14,4.273287,
1654,2025-08-07 11:48:23,4.299516,
1655,2025-08-07 11:48:32,4.354737,
1656,2025-08-07 11:48:41,4.266254,
1657,2025-08-07 11:48:50,4.275047,
1658,2025-08-07 11:48:58,4.251692,
1659,2025-08-07 11:49:07,4.258030,
1660,2025-08-07 11:49:16,4.254704,
1661,2025-08-07 11:49:25,4.254773,
1662,2025-08-07 11:49:33,4.241788,
1663,2025-08-07 11:49:42,4.214969,
1664,2025-08-07 11:49:51,4.233473,
1665,2025-08-07 11:50:00,4.244606,
1666,2025-08-07 11:50:09,4.218141,
1667,2025-08-07 11:50:17,4.191116,
1668,2025-08-07 11:50:26,4.193595,
1669,2025-08-07 11:50:35,4.252422,
1670,2025-08-07 11:50:44,4.184920,
1671,2025-08-07 11:50:52,4.121677,
1672,2025-08-07 11:51:01,4.204335,
1673,2025-08-07 11:51:10,4.194023,
1674,2025-08-07 11:51:19,4.133018,
1675,2025-08-07 11:51:28,4.192525,
1676,2025-08-07 11:51:36,4.187729,
1677,2025-08-07 11:51:45,4.179416,
1678,2025-08-07 11:51:54,4.139726,
1679,2025-08-07 11:52:02,4.168585,
1680,2025-08-07 11:52:11,4.190640,
1681,2025-08-07 11:52:20,4.146588,
1682,2025-08-07 11:52:29,4.138828,
1683,2025-08-07 11:52:38,4.149035,
1684,2025-08-07 11:52:46,4.134776,
1685,2025-08-07 11:52:55,4.197865,
1686,2025-08-07 11:53:04,4.134856,
1687,2025-08-07 11:53:13,4.099448,
1688,2025-08-07 11:53:21,4.085245,
1689,2025-08-07 11:53:30,3.863096,
1690,2025-08-07 11:53:39,4.055584,
1691,2025-08-07 11:53:48,3.998914,
1692,2025-08-07 11:53:57,4.126749,
1693,2025-08-07 11:54:05,4.050705,
1694,2025-08-07 11:54:14,4.102571,
1695,2025-08-07 11:54:23,4.069512,
1696,2025-08-07 11:54:32,4.072391,
1697,2025-08-07 11:54:41,4.091056,
1698,2025-08-07 11:54:49,4.086441,
1699,2025-08-07 11:54:58,4.066209,
1700,2025-08-07 11:55:08,4.132726,3.692198
1701,2025-08-07 11:55:17,4.100591,
1702,2025-08-07 11:55:26,4.061242,
1703,2025-08-07 11:55:34,4.104429,
1704,2025-08-07 11:55:43,4.260779,
1705,2025-08-07 11:55:52,4.252458,
1706,2025-08-07 11:56:01,4.312744,
1707,2025-08-07 11:56:09,4.204048,
1708,2025-08-07 11:56:18,4.172805,
1709,2025-08-07 11:56:27,4.166296,
1710,2025-08-07 11:56:36,4.158550,
1711,2025-08-07 11:56:45,4.109291,
1712,2025-08-07 11:56:53,4.139026,
1713,2025-08-07 11:57:02,4.131684,
1714,2025-08-07 11:57:11,4.130001,
1715,2025-08-07 11:57:20,4.156963,
1716,2025-08-07 11:57:29,4.122177,
1717,2025-08-07 11:57:37,4.140196,
1718,2025-08-07 11:57:46,4.138211,
1719,2025-08-07 11:57:55,4.146093,
1720,2025-08-07 11:58:04,4.139779,
1721,2025-08-07 11:58:13,4.143388,
1722,2025-08-07 11:58:22,4.127476,
1723,2025-08-07 11:58:30,4.105907,
1724,2025-08-07 11:58:39,4.103187,
1725,2025-08-07 11:58:48,4.141559,
1726,2025-08-07 11:58:57,4.101372,
1727,2025-08-07 11:59:06,4.088678,
1728,2025-08-07 11:59:15,4.101327,
1729,2025-08-07 11:59:23,4.113286,
1730,2025-08-07 11:59:32,4.157588,
1731,2025-08-07 11:59:41,4.070816,
1732,2025-08-07 11:59:50,4.093047,
1733,2025-08-07 11:59:59,4.044236,
1734,2025-08-07 12:00:08,4.149880,
1735,2025-08-07 12:00:17,4.182438,
1736,2025-08-07 12:00:25,4.231553,
1737,2025-08-07 12:00:34,4.122026,
1738,2025-08-07 12:00:43,4.104500,
1739,2025-08-07 12:00:52,4.085267,
1740,2025-08-07 12:01:01,3.900765,
1741,2025-08-07 12:01:10,4.026599,
1742,2025-08-07 12:01:19,4.085837,
1743,2025-08-07 12:01:29,4.039629,
1744,2025-08-07 12:01:38,3.979434,
1745,2025-08-07 12:01:47,3.980413,
1746,2025-08-07 12:01:56,3.978591,
1747,2025-08-07 12:02:05,4.004020,
1748,2025-08-07 12:02:14,4.051112,
1749,2025-08-07 12:02:23,4.108203,
1750,2025-08-07 12:02:34,4.048814,3.679677
1751,2025-08-07 12:02:43,4.037095,
1752,2025-08-07 12:02:52,4.002207,
1753,2025-08-07 12:03:02,4.062214,
1754,2025-08-07 12:03:11,4.063243,
1755,2025-08-07 12:03:20,4.047915,
1756,2025-08-07 12:03:30,4.091093,
1757,2025-08-07 12:03:39,3.998988,
1758,2025-08-07 12:03:49,4.030772,
1759,2025-08-07 12:03:58,4.064725,
1760,2025-08-07 12:04:08,4.000897,
1761,2025-08-07 12:04:17,4.048954,
1762,2025-08-07 12:04:27,4.028519,
1763,2025-08-07 12:04:36,4.041116,
1764,2025-08-07 12:04:45,4.116997,
1765,2025-08-07 12:04:55,4.048935,
1766,2025-08-07 12:05:04,4.056736,
1767,2025-08-07 12:05:13,4.022635,
1768,2025-08-07 12:05:22,4.007058,
1769,2025-08-07 12:05:31,4.109107,
1770,2025-08-07 12:05:41,4.093489,
1771,2025-08-07 12:05:50,3.896834,
1772,2025-08-07 12:05:59,3.872396,
1773,2025-08-07 12:06:08,3.536156,
1774,2025-08-07 12:06:17,3.186877,
1775,2025-08-07 12:06:26,3.349856,
1776,2025-08-07 12:06:35,3.034596,
1777,2025-08-07 12:06:44,3.063652,
1778,2025-08-07 12:06:53,3.462214,
1779,2025-08-07 12:07:02,3.007945,
1780,2025-08-07 12:07:12,3.585174,
1781,2025-08-07 12:07:21,3.913257,
1782,2025-08-07 12:07:30,3.307954,
1783,2025-08-07 12:07:39,3.323568,
1784,2025-08-07 12:07:48,4.478482,
1785,2025-08-07 12:07:57,3.817393,
1786,2025-08-07 12:08:06,3.325539,
1787,2025-08-07 12:08:15,4.068945,
1788,2025-08-07 12:08:24,4.175649,
1789,2025-08-07 12:08:33,3.846987,
1790,2025-08-07 12:08:43,3.621186,
1791,2025-08-07 12:08:52,3.482244,
1792,2025-08-07 12:09:01,3.279299,
1793,2025-08-07 12:09:10,3.398620,
1794,2025-08-07 12:09:19,3.439314,
1795,2025-08-07 12:09:29,4.288092,
1796,2025-08-07 12:09:38,3.968606,
1797,2025-08-07 12:09:47,3.560567,
1798,2025-08-07 12:09:56,3.352771,
1799,2025-08-07 12:10:05,3.411001,
1800,2025-08-07 12:10:15,3.230421,3.701394
1801,2025-08-07 12:10:24,4.269037,
1802,2025-08-07 12:10:33,4.842403,
1803,2025-08-07 12:10:42,4.964437,
1804,2025-08-07 12:10:51,4.911703,
1805,2025-08-07 12:11:00,4.810431,
1806,2025-08-07 12:11:10,4.496305,
1807,2025-08-07 12:11:19,4.491081,
1808,2025-08-07 12:11:27,4.454666,
1809,2025-08-07 12:11:36,4.261868,
1810,2025-08-07 12:11:46,4.266142,
1811,2025-08-07 12:11:55,4.555218,
1812,2025-08-07 12:12:04,4.246850,
1813,2025-08-07 12:12:13,3.876427,
1814,2025-08-07 12:12:22,3.560965,
1815,2025-08-07 12:12:31,3.603689,
1816,2025-08-07 12:12:40,3.481029,
1817,2025-08-07 12:12:49,3.326393,
1818,2025-08-07 12:12:58,3.232599,
1819,2025-08-07 12:13:07,3.657325,
1820,2025-08-07 12:13:16,3.430104,
1821,2025-08-07 12:13:25,3.318693,
1822,2025-08-07 12:13:34,3.347724,
1823,2025-08-07 12:13:43,3.931735,
1824,2025-08-07 12:13:53,2.978677,
1825,2025-08-07 12:14:02,2.783489,
1826,2025-08-07 12:14:11,3.106883,
1827,2025-08-07 12:14:20,4.497033,
1828,2025-08-07 12:14:29,3.883956,
1829,2025-08-07 12:14:38,3.213729,
1830,2025-08-07 12:14:47,3.026331,
1831,2025-08-07 12:14:56,3.070790,
1832,2025-08-07 12:15:05,3.057937,
1833,2025-08-07 12:15:14,3.277169,
1834,2025-08-07 12:15:23,3.252611,
1835,2025-08-07 12:15:33,3.498189,
1836,2025-08-07 12:15:42,3.855070,
1837,2025-08-07 12:15:51,3.730700,
1838,2025-08-07 12:15:59,3.745052,
1839,2025-08-07 12:16:08,3.753422,
1840,2025-08-07 12:16:18,3.766940,
1841,2025-08-07 12:16:27,3.785709,
1842,2025-08-07 12:16:36,3.830482,
1843,2025-08-07 12:16:45,3.786441,
1844,2025-08-07 12:16:54,3.878402,
1845,2025-08-07 12:17:04,3.862239,
1846,2025-08-07 12:17:13,3.879990,
1847,2025-08-07 12:17:23,3.863965,
1848,2025-08-07 12:17:32,3.825591,
1849,2025-08-07 12:17:41,3.833804,
1850,2025-08-07 12:17:52,3.850367,3.708600
1851,2025-08-07 12:18:01,3.852118,
1852,2025-08-07 12:18:10,3.883164,
1853,2025-08-07 12:18:19,3.830321,
1854,2025-08-07 12:18:28,3.883499,
1855,2025-08-07 12:18:37,4.113570,
1856,2025-08-07 12:18:46,3.950780,
1857,2025-08-07 12:18:55,3.995958,
1858,2025-08-07 12:19:05,4.056522,
1859,2025-08-07 12:19:14,3.851482,
1860,2025-08-07 12:19:23,3.787226,
1861,2025-08-07 12:19:32,4.353687,
1862,2025-08-07 12:19:41,4.252143,
1863,2025-08-07 12:19:50,3.939651,
1864,2025-08-07 12:19:59,3.948566,
1865,2025-08-07 12:20:09,4.029038,
1866,2025-08-07 12:20:18,4.022027,
1867,2025-08-07 12:20:27,4.449244,
1868,2025-08-07 12:20:37,4.471882,
1869,2025-08-07 12:20:46,3.858387,
1870,2025-08-07 12:20:56,3.869328,
1871,2025-08-07 12:21:05,3.805889,
1872,2025-08-07 12:21:14,4.049029,
1873,2025-08-07 12:21:23,4.057297,
1874,2025-08-07 12:21:33,4.196909,
1875,2025-08-07 12:21:42,4.181668,
1876,2025-08-07 12:21:52,4.062240,
1877,2025-08-07 12:22:01,4.001278,
1878,2025-08-07 12:22:10,3.935617,
1879,2025-08-07 12:22:19,4.450791,
1880,2025-08-07 12:22:28,4.631933,
1881,2025-08-07 12:22:37,4.203112,
1882,2025-08-07 12:22:46,4.208621,
1883,2025-08-07 12:22:55,4.154972,
1884,2025-08-07 12:23:04,4.639279,
1885,2025-08-07 12:23:14,4.550612,
1886,2025-08-07 12:23:23,3.864922,
1887,2025-08-07 12:23:32,3.945546,
1888,2025-08-07 12:23:41,3.983826,
1889,2025-08-07 12:23:50,3.972872,
1890,2025-08-07 12:24:00,4.039592,
1891,2025-08-07 12:24:09,3.888072,
1892,2025-08-07 12:24:18,3.877678,
1893,2025-08-07 12:24:27,3.905018,
1894,2025-08-07 12:24:36,3.933320,
1895,2025-08-07 12:24:46,3.890352,
1896,2025-08-07 12:24:56,3.966750,
1897,2025-08-07 12:25:05,3.836657,
1898,2025-08-07 12:25:14,3.793748,
1899,2025-08-07 12:25:23,3.774614,
1900,2025-08-07 12:25:34,3.709784,3.674687
1901,2025-08-07 12:25:42,3.818840,
1902,2025-08-07 12:25:51,3.950006,
1903,2025-08-07 12:26:00,4.439881,
1904,2025-08-07 12:26:09,3.678823,
1905,2025-08-07 12:26:19,3.648180,
1906,2025-08-07 12:26:28,3.575230,
1907,2025-08-07 12:26:37,3.813493,
1908,2025-08-07 12:26:46,3.974454,
1909,2025-08-07 12:26:55,3.765443,
1910,2025-08-07 12:27:04,3.751003,
1911,2025-08-07 12:27:13,3.699297,
1912,2025-08-07 12:27:22,3.668944,
1913,2025-08-07 12:27:31,3.738140,
1914,2025-08-07 12:27:40,3.748996,
1915,2025-08-07 12:27:49,3.674874,
1916,2025-08-07 12:27:58,3.806351,
1917,2025-08-07 12:28:07,3.932218,
1918,2025-08-07 12:28:16,3.842981,
1919,2025-08-07 12:28:26,3.390530,
1920,2025-08-07 12:28:36,3.197906,
1921,2025-08-07 12:28:45,3.449636,
1922,2025-08-07 12:28:54,3.666504,
1923,2025-08-07 12:29:03,3.808256,
1924,2025-08-07 12:29:12,3.854139,
1925,2025-08-07 12:29:22,3.856449,
1926,2025-08-07 12:29:31,3.919295,
1927,2025-08-07 12:29:40,3.791857,
1928,2025-08-07 12:29:48,3.785768,
1929,2025-08-07 12:29:58,3.797757,
1930,2025-08-07 12:30:07,3.822146,
1931,2025-08-07 12:30:16,3.982080,
1932,2025-08-07 12:30:25,3.900114,
1933,2025-08-07 12:30:34,3.729247,
1934,2025-08-07 12:30:43,3.713866,
1935,2025-08-07 12:30:53,3.771512,
1936,2025-08-07 12:31:02,3.979115,
1937,2025-08-07 12:31:11,4.254795,
1938,2025-08-07 12:31:20,4.008349,
1939,2025-08-07 12:31:29,4.050199,
1940,2025-08-07 12:31:38,4.804142,
1941,2025-08-07 12:31:47,3.486566,
1942,2025-08-07 12:31:56,3.700500,
1943,2025-08-07 12:32:06,3.654521,
1944,2025-08-07 12:32:15,3.704384,
1945,2025-08-07 12:32:24,4.019536,
1946,2025-08-07 12:32:33,3.789702,
1947,2025-08-07 12:32:42,3.596345,
1948,2025-08-07 12:32:51,3.746986,
1949,2025-08-07 12:33:00,3.532353,
1950,2025-08-07 12:33:11,3.769422,3.703219
1951,2025-08-07 12:33:20,4.025780,
1952,2025-08-07 12:33:29,3.464396,
1953,2025-08-07 12:33:38,3.308441,
1954,2025-08-07 12:33:47,3.493699,
1955,2025-08-07 12:33:56,3.289635,
1956,2025-08-07 12:34:05,3.620425,
1957,2025-08-07 12:34:14,3.704617,
1958,2025-08-07 12:34:23,3.430679,
1959,2025-08-07 12:34:32,3.500908,
1960,2025-08-07 12:34:41,3.577487,
1961,2025-08-07 12:34:51,3.238034,
1962,2025-08-07 12:35:00,3.980560,
1963,2025-08-07 12:35:09,5.064067,
1964,2025-08-07 12:35:19,4.247258,
1965,2025-08-07 12:35:29,3.636131,
1966,2025-08-07 12:35:38,3.885048,
1967,2025-08-07 12:35:47,3.432902,
1968,2025-08-07 12:35:56,3.926383,
1969,2025-08-07 12:36:05,3.697747,
1970,2025-08-07 12:36:15,3.771067,
1971,2025-08-07 12:36:24,3.673145,
1972,2025-08-07 12:36:33,3.656150,
1973,2025-08-07 12:36:42,3.699139,
1974,2025-08-07 12:36:51,3.466683,
1975,2025-08-07 12:37:01,3.569037,
1976,2025-08-07 12:37:10,3.604938,
1977,2025-08-07 12:37:19,3.629446,
1978,2025-08-07 12:37:28,4.092639,
1979,2025-08-07 12:37:38,4.182542,
1980,2025-08-07 12:37:47,3.990668,
1981,2025-08-07 12:37:56,3.949715,
1982,2025-08-07 12:38:05,3.924641,
1983,2025-08-07 12:38:14,3.642639,
1984,2025-08-07 12:38:23,3.386416,
1985,2025-08-07 12:38:32,3.235091,
1986,2025-08-07 12:38:41,3.454151,
1987,2025-08-07 12:38:51,3.669875,
1988,2025-08-07 12:39:00,3.714043,
1989,2025-08-07 12:39:09,3.793746,
1990,2025-08-07 12:39:18,3.858018,
1991,2025-08-07 12:39:27,3.848229,
1992,2025-08-07 12:39:36,3.892014,
1993,2025-08-07 12:39:45,4.537056,
1994,2025-08-07 12:39:54,4.593339,
1995,2025-08-07 12:40:03,4.356391,
1996,2025-08-07 12:40:13,4.158324,
1997,2025-08-07 12:40:22,3.648229,
1998,2025-08-07 12:40:31,3.674365,
1999,2025-08-07 12:40:40,3.643455,
2000,2025-08-07 12:40:59,3.635044,3.638278
2001,2025-08-07 12:41:09,3.740966,
2002,2025-08-07 12:41:18,3.676301,
2003,2025-08-07 12:41:27,3.589436,
2004,2025-08-07 12:41:36,3.502367,
2005,2025-08-07 12:41:45,3.489976,
2006,2025-08-07 12:41:54,3.483082,
2007,2025-08-07 12:42:03,3.588050,
2008,2025-08-07 12:42:13,3.562624,
2009,2025-08-07 12:42:22,3.499402,
2010,2025-08-07 12:42:31,3.500545,
2011,2025-08-07 12:42:40,4.058611,
2012,2025-08-07 12:42:49,4.085354,
2013,2025-08-07 12:42:58,4.163578,
2014,2025-08-07 12:43:07,3.680463,
2015,2025-08-07 12:43:16,3.181885,
2016,2025-08-07 12:43:25,3.418153,
2017,2025-08-07 12:43:34,4.154677,
2018,2025-08-07 12:43:43,3.954752,
2019,2025-08-07 12:43:52,4.164498,
2020,2025-08-07 12:44:02,3.689477,
2021,2025-08-07 12:44:11,3.707079,
2022,2025-08-07 12:44:20,3.658694,
2023,2025-08-07 12:44:29,3.544904,
2024,2025-08-07 12:44:38,3.707889,
2025,2025-08-07 12:44:47,3.691069,
2026,2025-08-07 12:44:56,3.503149,
2027,2025-08-07 12:45:05,3.260322,
2028,2025-08-07 12:45:14,3.690105,
2029,2025-08-07 12:45:23,3.707189,
2030,2025-08-07 12:45:33,3.649685,
2031,2025-08-07 12:45:42,3.517641,
2032,2025-08-07 12:45:51,3.960562,
2033,2025-08-07 12:46:00,3.820272,
2034,2025-08-07 12:46:09,4.138500,
2035,2025-08-07 12:46:18,3.430733,
2036,2025-08-07 12:46:27,3.529044,
2037,2025-08-07 12:46:36,3.570537,
2038,2025-08-07 12:46:45,3.677885,
2039,2025-08-07 12:46:55,3.603111,
2040,2025-08-07 12:47:04,3.194207,
2041,2025-08-07 12:47:13,3.575739,
2042,2025-08-07 12:47:22,3.830100,
2043,2025-08-07 12:47:31,3.772232,
2044,2025-08-07 12:47:40,3.714558,
2045,2025-08-07 12:47:50,3.912885,
2046,2025-08-07 12:47:59,3.583087,
2047,2025-08-07 12:48:08,3.700104,
2048,2025-08-07 12:48:17,3.651045,
2049,2025-08-07 12:48:26,3.681512,
2050,2025-08-07 12:48:37,3.462783,3.595464
2051,2025-08-07 12:48:46,3.610373,
2052,2025-08-07 12:48:55,3.655210,
2053,2025-08-07 12:49:04,3.620260,
2054,2025-08-07 12:49:13,3.597566,
2055,2025-08-07 12:49:23,3.583674,
2056,2025-08-07 12:49:32,3.576881,
2057,2025-08-07 12:49:41,3.703311,
2058,2025-08-07 12:49:50,3.704682,
2059,2025-08-07 12:49:59,3.683211,
2060,2025-08-07 12:50:09,3.558107,
2061,2025-08-07 12:50:18,3.573296,
2062,2025-08-07 12:50:27,3.562310,
2063,2025-08-07 12:50:36,3.747890,
2064,2025-08-07 12:50:45,3.928764,
2065,2025-08-07 12:50:54,4.046190,
2066,2025-08-07 12:51:04,3.950439,
2067,2025-08-07 12:51:12,3.831368,
2068,2025-08-07 12:51:22,3.586789,
2069,2025-08-07 12:51:30,3.778097,
2070,2025-08-07 12:51:40,3.562602,
2071,2025-08-07 12:51:49,3.669357,
2072,2025-08-07 12:51:58,3.740914,
2073,2025-08-07 12:52:08,3.707650,
2074,2025-08-07 12:52:17,3.623629,
2075,2025-08-07 12:52:26,3.664229,
2076,2025-08-07 12:52:35,3.787319,
2077,2025-08-07 12:52:44,3.755266,
2078,2025-08-07 12:52:53,3.797529,
2079,2025-08-07 12:53:03,3.784996,
2080,2025-08-07 12:53:12,3.731278,
2081,2025-08-07 12:53:21,3.700340,
2082,2025-08-07 12:53:30,3.772282,
2083,2025-08-07 12:53:39,3.748631,
2084,2025-08-07 12:53:48,3.802465,
2085,2025-08-07 12:53:57,3.804895,
2086,2025-08-07 12:54:06,3.768394,
2087,2025-08-07 12:54:15,3.714359,
2088,2025-08-07 12:54:24,3.859543,
2089,2025-08-07 12:54:33,4.010041,
2090,2025-08-07 12:54:42,4.094350,
2091,2025-08-07 12:54:51,4.099164,
2092,2025-08-07 12:55:00,3.982994,
2093,2025-08-07 12:55:09,4.035231,
2094,2025-08-07 12:55:18,4.005751,
2095,2025-08-07 12:55:28,4.061068,
2096,2025-08-07 12:55:37,3.920658,
2097,2025-08-07 12:55:47,3.816584,
2098,2025-08-07 12:55:56,3.797026,
2099,2025-08-07 12:56:05,3.743910,
2100,2025-08-07 12:56:16,3.682041,3.615489
2101,2025-08-07 12:56:25,3.787945,
2102,2025-08-07 12:56:34,3.953945,
2103,2025-08-07 12:56:43,3.949386,
2104,2025-08-07 12:56:52,4.013480,
2105,2025-08-07 12:57:01,4.015975,
2106,2025-08-07 12:57:10,4.052662,
2107,2025-08-07 12:57:19,4.024068,
2108,2025-08-07 12:57:28,4.101777,
2109,2025-08-07 12:57:37,3.868658,
2110,2025-08-07 12:57:46,3.978019,
2111,2025-08-07 12:57:55,4.120891,
2112,2025-08-07 12:58:04,4.236383,
2113,2025-08-07 12:58:13,4.218277,
2114,2025-08-07 12:58:22,4.095213,
2115,2025-08-07 12:58:31,4.009837,
2116,2025-08-07 12:58:40,4.012009,
2117,2025-08-07 12:58:49,4.025625,
2118,2025-08-07 12:58:58,4.055614,
2119,2025-08-07 12:59:07,4.037530,
2120,2025-08-07 12:59:16,4.112829,
2121,2025-08-07 12:59:25,3.828724,
2122,2025-08-07 12:59:34,3.897897,
2123,2025-08-07 12:59:43,3.782234,
2124,2025-08-07 12:59:52,3.922968,
2125,2025-08-07 13:00:01,3.787228,
2126,2025-08-07 13:00:10,3.741971,
2127,2025-08-07 13:00:19,3.667311,
2128,2025-08-07 13:00:29,3.776034,
2129,2025-08-07 13:00:38,3.625618,
2130,2025-08-07 13:00:47,3.962412,
2131,2025-08-07 13:00:56,3.530476,
2132,2025-08-07 13:01:04,3.794268,
2133,2025-08-07 13:01:13,3.944175,
2134,2025-08-07 13:01:22,3.805874,
2135,2025-08-07 13:01:32,3.945032,
2136,2025-08-07 13:01:41,4.650318,
2137,2025-08-07 13:01:50,3.965146,
2138,2025-08-07 13:01:58,3.848793,
2139,2025-08-07 13:02:07,4.328987,
2140,2025-08-07 13:02:17,4.328605,
2141,2025-08-07 13:02:26,3.955369,
2142,2025-08-07 13:02:35,3.940529,
2143,2025-08-07 13:02:44,4.379004,
2144,2025-08-07 13:02:53,4.776735,
2145,2025-08-07 13:03:02,4.002109,
2146,2025-08-07 13:03:11,4.140919,
2147,2025-08-07 13:03:20,3.844553,
2148,2025-08-07 13:03:29,4.058955,
2149,2025-08-07 13:03:38,4.278406,
2150,2025-08-07 13:03:48,4.161766,3.580095
2151,2025-08-07 13:03:57,4.158325,
2152,2025-08-07 13:04:06,3.700987,
2153,2025-08-07 13:04:15,3.254419,
2154,2025-08-07 13:04:24,3.761024,
2155,2025-08-07 13:04:33,3.605034,
2156,2025-08-07 13:04:42,3.716293,
2157,2025-08-07 13:04:51,3.733537,
2158,2025-08-07 13:05:00,3.639258,
2159,2025-08-07 13:05:09,3.821543,
2160,2025-08-07 13:05:19,3.802410,
2161,2025-08-07 13:05:27,3.686231,
2162,2025-08-07 13:05:36,3.472151,
2163,2025-08-07 13:05:45,3.763263,
2164,2025-08-07 13:05:54,3.577497,
2165,2025-08-07 13:06:04,3.903198,
2166,2025-08-07 13:06:13,3.725890,
2167,2025-08-07 13:06:21,3.665998,
2168,2025-08-07 13:06:30,3.679106,
2169,2025-08-07 13:06:39,3.706852,
2170,2025-08-07 13:06:48,3.805041,
2171,2025-08-07 13:06:57,3.749328,
2172,2025-08-07 13:07:06,3.711160,
2173,2025-08-07 13:07:15,3.772376,
2174,2025-08-07 13:07:24,3.736936,
2175,2025-08-07 13:07:33,3.794990,
2176,2025-08-07 13:07:42,3.863664,
2177,2025-08-07 13:07:51,3.948907,
2178,2025-08-07 13:08:00,3.914599,
2179,2025-08-07 13:08:09,3.911426,
2180,2025-08-07 13:08:18,3.535296,
2181,2025-08-07 13:08:27,3.573156,
2182,2025-08-07 13:08:36,3.652460,
2183,2025-08-07 13:08:45,3.541797,
2184,2025-08-07 13:08:54,3.701131,
2185,2025-08-07 13:09:04,3.509836,
2186,2025-08-07 13:09:13,3.729851,
2187,2025-08-07 13:09:21,4.377541,
2188,2025-08-07 13:09:30,4.301032,
2189,2025-08-07 13:09:39,4.532963,
2190,2025-08-07 13:09:49,4.807126,
2191,2025-08-07 13:09:58,4.870504,
2192,2025-08-07 13:10:07,3.928973,
2193,2025-08-07 13:10:16,3.905066,
2194,2025-08-07 13:10:25,3.829406,
2195,2025-08-07 13:10:34,3.976725,
2196,2025-08-07 13:10:43,4.145768,
2197,2025-08-07 13:10:52,4.140508,
2198,2025-08-07 13:11:01,4.112162,
2199,2025-08-07 13:11:10,3.743741,
2200,2025-08-07 13:11:21,3.870380,3.545578
2201,2025-08-07 13:11:30,3.940198,
2202,2025-08-07 13:11:39,4.069871,
2203,2025-08-07 13:11:48,4.073550,
2204,2025-08-07 13:11:57,4.116664,
2205,2025-08-07 13:12:06,3.905140,
2206,2025-08-07 13:12:15,3.586687,
2207,2025-08-07 13:12:24,3.651826,
2208,2025-08-07 13:12:33,3.747688,
2209,2025-08-07 13:12:42,3.783278,
2210,2025-08-07 13:12:52,3.847730,
2211,2025-08-07 13:13:01,3.847033,
2212,2025-08-07 13:13:10,3.783954,
2213,2025-08-07 13:13:18,3.869692,
2214,2025-08-07 13:13:27,3.824941,
2215,2025-08-07 13:13:37,3.859286,
2216,2025-08-07 13:13:46,3.985086,
2217,2025-08-07 13:13:55,4.616193,
2218,2025-08-07 13:14:04,4.584011,
2219,2025-08-07 13:14:13,4.451820,
2220,2025-08-07 13:14:23,4.056956,
2221,2025-08-07 13:14:32,3.904767,
2222,2025-08-07 13:14:41,3.953656,
2223,2025-08-07 13:14:49,3.850930,
2224,2025-08-07 13:14:58,3.836570,
2225,2025-08-07 13:15:08,3.794460,
2226,2025-08-07 13:15:17,3.805660,
2227,2025-08-07 13:15:26,3.744301,
2228,2025-08-07 13:15:35,3.778887,
2229,2025-08-07 13:15:44,3.639941,
2230,2025-08-07 13:15:53,3.736903,
2231,2025-08-07 13:16:02,3.843068,
2232,2025-08-07 13:16:11,3.779648,
2233,2025-08-07 13:16:20,3.730565,
2234,2025-08-07 13:16:29,3.581215,
2235,2025-08-07 13:16:39,3.535590,
2236,2025-08-07 13:16:48,3.257196,
2237,2025-08-07 13:16:57,3.123501,
2238,2025-08-07 13:17:06,3.167735,
2239,2025-08-07 13:17:15,2.990842,
2240,2025-08-07 13:17:25,2.933262,
2241,2025-08-07 13:17:34,3.101794,
2242,2025-08-07 13:17:43,3.022898,
2243,2025-08-07 13:17:52,2.997173,
2244,2025-08-07 13:18:01,3.020219,
2245,2025-08-07 13:18:11,3.089912,
2246,2025-08-07 13:18:20,3.082787,
2247,2025-08-07 13:18:29,3.094184,
2248,2025-08-07 13:18:38,3.068816,
2249,2025-08-07 13:18:47,3.011197,
2250,2025-08-07 13:18:57,3.010636,3.602574
2251,2025-08-07 13:19:07,2.957166,
2252,2025-08-07 13:19:16,2.927302,
2253,2025-08-07 13:19:25,2.919373,
2254,2025-08-07 13:19:34,2.949589,
2255,2025-08-07 13:19:44,3.021279,
2256,2025-08-07 13:19:53,3.136835,
2257,2025-08-07 13:20:02,3.111492,
2258,2025-08-07 13:20:11,3.397124,
2259,2025-08-07 13:20:20,3.369432,
2260,2025-08-07 13:20:29,3.222810,
2261,2025-08-07 13:20:38,3.194122,
2262,2025-08-07 13:20:47,3.263330,
2263,2025-08-07 13:20:57,3.262796,
2264,2025-08-07 13:21:06,3.147343,
2265,2025-08-07 13:21:15,3.029011,
2266,2025-08-07 13:21:24,3.174559,
2267,2025-08-07 13:21:33,3.170552,
2268,2025-08-07 13:21:43,3.163331,
2269,2025-08-07 13:21:52,2.994563,
2270,2025-08-07 13:22:01,2.963400,
2271,2025-08-07 13:22:10,2.998620,
2272,2025-08-07 13:22:19,2.918540,
2273,2025-08-07 13:22:28,3.074096,
2274,2025-08-07 13:22:37,3.124305,
2275,2025-08-07 13:22:47,3.003883,
2276,2025-08-07 13:22:56,3.062240,
2277,2025-08-07 13:23:05,3.058755,
2278,2025-08-07 13:23:14,2.940334,
2279,2025-08-07 13:23:24,3.190949,
2280,2025-08-07 13:23:33,3.110490,
2281,2025-08-07 13:23:42,2.829748,
2282,2025-08-07 13:23:51,3.013855,
2283,2025-08-07 13:24:00,3.017316,
2284,2025-08-07 13:24:09,2.975903,
2285,2025-08-07 13:24:19,3.052391,
2286,2025-08-07 13:24:28,2.989058,
2287,2025-08-07 13:24:37,3.010594,
2288,2025-08-07 13:24:46,2.989403,
2289,2025-08-07 13:24:55,2.974208,
2290,2025-08-07 13:25:05,2.960797,
2291,2025-08-07 13:25:14,2.971165,
2292,2025-08-07 13:25:23,2.995018,
2293,2025-08-07 13:25:32,3.145653,
2294,2025-08-07 13:25:41,2.929109,
2295,2025-08-07 13:25:51,2.858840,
2296,2025-08-07 13:26:00,2.991193,
2297,2025-08-07 13:26:09,2.928133,
2298,2025-08-07 13:26:18,2.999101,
2299,2025-08-07 13:26:27,3.035313,
2300,2025-08-07 13:26:37,3.072009,3.573466
2301,2025-08-07 13:26:46,3.076252,
2302,2025-08-07 13:26:55,3.010785,
2303,2025-08-07 13:27:04,2.945045,
2304,2025-08-07 13:27:13,2.999013,
2305,2025-08-07 13:27:23,2.960851,
2306,2025-08-07 13:27:32,3.054098,
2307,2025-08-07 13:27:41,2.972484,
2308,2025-08-07 13:27:50,2.964336,
2309,2025-08-07 13:27:59,3.110119,
2310,2025-08-07 13:28:08,2.948818,
2311,2025-08-07 13:28:17,3.198051,
2312,2025-08-07 13:28:26,2.922335,
2313,2025-08-07 13:28:35,2.942081,
2314,2025-08-07 13:28:44,2.955458,
2315,2025-08-07 13:28:53,3.015006,
2316,2025-08-07 13:29:02,2.997601,
2317,2025-08-07 13:29:11,2.925365,
2318,2025-08-07 13:29:20,2.917988,
2319,2025-08-07 13:29:29,2.937378,
2320,2025-08-07 13:29:38,2.907352,
2321,2025-08-07 13:29:47,2.754119,
2322,2025-08-07 13:29:56,2.907237,
2323,2025-08-07 13:30:05,2.829333,
2324,2025-08-07 13:30:14,2.870533,
2325,2025-08-07 13:30:23,2.905710,
2326,2025-08-07 13:30:32,3.081188,
2327,2025-08-07 13:30:41,2.992925,
2328,2025-08-07 13:30:49,2.721138,
2329,2025-08-07 13:30:58,2.887264,
2330,2025-08-07 13:31:08,2.916988,
2331,2025-08-07 13:31:17,2.922039,
2332,2025-08-07 13:31:25,2.823778,
2333,2025-08-07 13:31:34,2.794858,
2334,2025-08-07 13:31:43,2.787316,
2335,2025-08-07 13:31:52,2.753285,
2336,2025-08-07 13:32:01,2.790697,
2337,2025-08-07 13:32:10,2.958057,
2338,2025-08-07 13:32:19,2.732634,
2339,2025-08-07 13:32:28,2.842806,
2340,2025-08-07 13:32:37,2.887525,
2341,2025-08-07 13:32:46,2.907006,
2342,2025-08-07 13:32:55,2.919720,
2343,2025-08-07 13:33:04,3.023446,
2344,2025-08-07 13:33:13,3.012897,
2345,2025-08-07 13:33:22,3.066758,
2346,2025-08-07 13:33:31,3.083616,
2347,2025-08-07 13:33:40,3.077876,
2348,2025-08-07 13:33:48,2.935381,
2349,2025-08-07 13:33:57,2.966041,
2350,2025-08-07 13:34:08,3.015803,3.562446
2351,2025-08-07 13:34:16,2.944652,
2352,2025-08-07 13:34:25,3.003075,
2353,2025-08-07 13:34:34,2.888075,
2354,2025-08-07 13:34:43,2.961308,
2355,2025-08-07 13:34:52,2.861867,
2356,2025-08-07 13:35:01,2.864324,
2357,2025-08-07 13:35:10,2.988237,
2358,2025-08-07 13:35:19,2.954262,
2359,2025-08-07 13:35:28,2.992501,
2360,2025-08-07 13:35:38,2.912215,
2361,2025-08-07 13:35:46,2.967218,
2362,2025-08-07 13:35:55,3.392830,
2363,2025-08-07 13:36:04,4.240438,
2364,2025-08-07 13:36:13,4.460531,
2365,2025-08-07 13:36:23,4.343952,
2366,2025-08-07 13:36:32,4.057851,
2367,2025-08-07 13:36:41,3.985043,
2368,2025-08-07 13:36:49,3.871565,
2369,2025-08-07 13:36:58,3.790565,
2370,2025-08-07 13:37:08,3.774028,
2371,2025-08-07 13:37:17,3.878788,
2372,2025-08-07 13:37:25,4.347684,
2373,2025-08-07 13:37:34,3.715182,
2374,2025-08-07 13:37:43,3.501514,
2375,2025-08-07 13:37:53,3.766168,
2376,2025-08-07 13:38:01,3.842390,
2377,2025-08-07 13:38:10,3.766049,
2378,2025-08-07 13:38:19,3.733335,
2379,2025-08-07 13:38:28,3.716733,
2380,2025-08-07 13:38:38,3.776042,
2381,2025-08-07 13:38:47,3.785648,
2382,2025-08-07 13:38:55,3.805284,
2383,2025-08-07 13:39:04,3.791185,
2384,2025-08-07 13:39:13,3.751656,
2385,2025-08-07 13:39:23,3.582668,
2386,2025-08-07 13:39:32,3.663774,
2387,2025-08-07 13:39:41,3.559251,
2388,2025-08-07 13:39:50,3.448482,
2389,2025-08-07 13:39:59,3.573881,
2390,2025-08-07 13:40:08,4.299455,
2391,2025-08-07 13:40:17,3.426373,
2392,2025-08-07 13:40:26,3.406092,
2393,2025-08-07 13:40:35,3.510630,
2394,2025-08-07 13:40:44,3.567558,
2395,2025-08-07 13:40:53,3.556276,
2396,2025-08-07 13:41:02,3.574706,
2397,2025-08-07 13:41:11,3.618000,
2398,2025-08-07 13:41:20,3.661076,
2399,2025-08-07 13:41:29,3.820397,
2400,2025-08-07 13:41:39,3.446033,3.512307
2401,2025-08-07 13:41:48,3.505453,
2402,2025-08-07 13:41:57,4.211714,
2403,2025-08-07 13:42:06,4.030319,
2404,2025-08-07 13:42:15,3.978898,
2405,2025-08-07 13:42:25,3.980557,
2406,2025-08-07 13:42:33,4.091659,
2407,2025-08-07 13:42:42,4.044105,
2408,2025-08-07 13:42:51,3.982266,
2409,2025-08-07 13:43:00,3.928610,
2410,2025-08-07 13:43:10,3.996429,
2411,2025-08-07 13:43:19,3.965203,
2412,2025-08-07 13:43:28,3.980338,
2413,2025-08-07 13:43:37,3.963366,
2414,2025-08-07 13:43:46,3.970887,
2415,2025-08-07 13:43:55,3.987773,
2416,2025-08-07 13:44:04,3.966513,
2417,2025-08-07 13:44:13,3.932315,
2418,2025-08-07 13:44:22,3.888757,
2419,2025-08-07 13:44:31,3.922545,
2420,2025-08-07 13:44:40,3.918520,
2421,2025-08-07 13:44:49,3.923418,
2422,2025-08-07 13:44:58,3.962255,
2423,2025-08-07 13:45:07,3.959030,
2424,2025-08-07 13:45:16,3.982502,
2425,2025-08-07 13:45:25,3.992844,
2426,2025-08-07 13:45:34,3.927251,
2427,2025-08-07 13:45:43,3.955894,
2428,2025-08-07 13:45:52,3.966673,
2429,2025-08-07 13:46:01,3.900845,
2430,2025-08-07 13:46:10,3.945978,
2431,2025-08-07 13:46:19,3.895761,
2432,2025-08-07 13:46:28,3.880853,
2433,2025-08-07 13:46:37,3.850437,
2434,2025-08-07 13:46:46,3.896729,
2435,2025-08-07 13:46:56,3.891833,
2436,2025-08-07 13:47:05,3.848389,
2437,2025-08-07 13:47:13,3.885844,
2438,2025-08-07 13:47:23,3.893719,
2439,2025-08-07 13:47:32,3.903722,
2440,2025-08-07 13:47:41,3.927122,
2441,2025-08-07 13:47:50,3.952224,
2442,2025-08-07 13:47:59,3.903611,
2443,2025-08-07 13:48:08,3.869651,
2444,2025-08-07 13:48:17,3.826322,
2445,2025-08-07 13:48:26,3.868990,
2446,2025-08-07 13:48:36,3.885181,
2447,2025-08-07 13:48:45,3.924981,
2448,2025-08-07 13:48:54,3.906006,
2449,2025-08-07 13:49:03,3.938799,
2450,2025-08-07 13:49:13,3.927408,3.535190
2451,2025-08-07 13:49:22,3.886956,
2452,2025-08-07 13:49:31,3.931202,
2453,2025-08-07 13:49:40,3.804162,
2454,2025-08-07 13:49:49,3.639612,
2455,2025-08-07 13:49:58,3.662046,
2456,2025-08-07 13:50:07,3.691060,
2457,2025-08-07 13:50:16,3.811454,
2458,2025-08-07 13:50:25,3.967723,
2459,2025-08-07 13:50:34,4.032479,
2460,2025-08-07 13:50:43,3.982130,
2461,2025-08-07 13:50:52,4.023026,
2462,2025-08-07 13:51:01,4.425426,
2463,2025-08-07 13:51:10,4.416574,
2464,2025-08-07 13:51:19,4.167757,
2465,2025-08-07 13:51:29,3.598785,
2466,2025-08-07 13:51:37,3.593574,
2467,2025-08-07 13:51:46,3.718840,
2468,2025-08-07 13:51:55,3.704476,
2469,2025-08-07 13:52:04,4.474316,
2470,2025-08-07 13:52:13,3.902365,
2471,2025-08-07 13:52:22,3.412424,
2472,2025-08-07 13:52:31,3.457012,
2473,2025-08-07 13:52:40,3.922151,
2474,2025-08-07 13:52:49,3.641070,
2475,2025-08-07 13:52:58,3.608381,
2476,2025-08-07 13:53:07,3.463253,
2477,2025-08-07 13:53:16,3.877800,
2478,2025-08-07 13:53:25,3.831919,
2479,2025-08-07 13:53:34,3.839444,
2480,2025-08-07 13:53:43,3.780216,
2481,2025-08-07 13:53:52,3.680050,
2482,2025-08-07 13:54:01,3.532743,
2483,2025-08-07 13:54:10,3.509466,
2484,2025-08-07 13:54:19,2.293353,
2485,2025-08-07 13:54:28,2.849853,
2486,2025-08-07 13:54:37,3.863844,
2487,2025-08-07 13:54:46,3.799609,
2488,2025-08-07 13:54:55,3.756773,
2489,2025-08-07 13:55:04,3.638004,
2490,2025-08-07 13:55:13,3.647027,
2491,2025-08-07 13:55:22,3.903656,
2492,2025-08-07 13:55:31,3.740072,
2493,2025-08-07 13:55:40,3.540895,
2494,2025-08-07 13:55:49,3.633236,
2495,2025-08-07 13:55:58,3.651041,
2496,2025-08-07 13:56:07,3.710055,
2497,2025-08-07 13:56:16,3.673750,
2498,2025-08-07 13:56:25,3.642473,
2499,2025-08-07 13:56:34,3.285390,
2500,2025-08-07 13:56:59,3.503781,3.487209
2501,2025-08-07 13:57:08,3.286800,
2502,2025-08-07 13:57:17,3.578788,
2503,2025-08-07 13:57:26,4.259128,
2504,2025-08-07 13:57:35,3.467115,
2505,2025-08-07 13:57:45,3.193884,
2506,2025-08-07 13:57:54,3.725164,
2507,2025-08-07 13:58:03,3.587201,
2508,2025-08-07 13:58:12,4.196031,
2509,2025-08-07 13:58:21,4.093814,
2510,2025-08-07 13:58:30,3.609863,
2511,2025-08-07 13:58:39,4.035229,
2512,2025-08-07 13:58:48,4.187189,
2513,2025-08-07 13:58:57,4.064857,
2514,2025-08-07 13:59:06,3.923774,
2515,2025-08-07 13:59:16,3.914007,
2516,2025-08-07 13:59:25,4.363327,
2517,2025-08-07 13:59:34,5.245522,
2518,2025-08-07 13:59:43,5.156378,
2519,2025-08-07 13:59:52,5.110567,
2520,2025-08-07 14:00:01,5.067140,
2521,2025-08-07 14:00:10,4.522432,
2522,2025-08-07 14:00:19,3.737528,
2523,2025-08-07 14:00:28,3.720986,
2524,2025-08-07 14:00:37,3.762516,
2525,2025-08-07 14:00:47,3.796976,
2526,2025-08-07 14:00:56,3.714215,
2527,2025-08-07 14:01:05,3.776987,
2528,2025-08-07 14:01:13,3.679007,
2529,2025-08-07 14:01:23,4.097845,
2530,2025-08-07 14:01:32,4.136854,
2531,2025-08-07 14:01:41,4.066642,
2532,2025-08-07 14:01:50,4.043100,
2533,2025-08-07 14:01:59,4.040391,
2534,2025-08-07 14:02:08,4.031087,
2535,2025-08-07 14:02:17,4.061914,
2536,2025-08-07 14:02:26,4.113591,
2537,2025-08-07 14:02:35,4.062917,
2538,2025-08-07 14:02:44,4.079312,
2539,2025-08-07 14:02:53,4.115925,
2540,2025-08-07 14:03:02,4.105206,
2541,2025-08-07 14:03:11,4.063799,
2542,2025-08-07 14:03:20,4.080084,
2543,2025-08-07 14:03:29,4.065530,
2544,2025-08-07 14:03:38,4.025325,
2545,2025-08-07 14:03:47,4.055143,
2546,2025-08-07 14:03:56,4.023362,
2547,2025-08-07 14:04:05,4.076244,
2548,2025-08-07 14:04:14,4.043262,
2549,2025-08-07 14:04:27,4.052991,3.554528
